Unnamed: 0,TCGA.3L.AA1B.01A,TCGA.4N.A93T.01A,TCGA.5M.AAT4.01A,TCGA.5M.AAT6.01A,TCGA.5M.AATE.01A,TCGA.A6.2671.01A,TCGA.A6.2672.01A,TCGA.A6.2672.01B,TCGA.A6.2674.01A,TCGA.A6.2674.01B,TCGA.A6.2676.01A,TCGA.A6.2677.01A,TCGA.A6.2677.01B,TCGA.A6.2678.01A,TCGA.A6.2680.01A,TCGA.A6.2681.01A,TCGA.A6.2682.01A,TCGA.A6.2683.01A,TCGA.A6.2684.01A,TCGA.A6.2684.01C,TCGA.A6.2685.01A,TCGA.A6.2686.01A,TCGA.A6.3807.01A,TCGA.A6.3808.01A,TCGA.A6.3809.01A,TCGA.A6.3809.01B,TCGA.A6.3810.01A,TCGA.A6.3810.01B,TCGA.A6.4105.01A,TCGA.A6.4107.01A,TCGA.A6.5656.01A,TCGA.A6.5656.01B,TCGA.A6.5657.01A,TCGA.A6.5659.01A,TCGA.A6.5659.01B,TCGA.A6.5660.01A,TCGA.A6.5661.01A,TCGA.A6.5661.01B,TCGA.A6.5662.01A,TCGA.A6.5665.01A,TCGA.A6.5665.01B,TCGA.A6.5666.01A,TCGA.A6.6137.01A,TCGA.A6.6138.01A,TCGA.A6.6140.01A,TCGA.A6.6141.01A,TCGA.A6.6142.01A,TCGA.A6.6648.01A,TCGA.A6.6649.01A,TCGA.A6.6650.01A,TCGA.A6.6650.01B,TCGA.A6.6652.01A,TCGA.A6.6653.01A,TCGA.A6.6654.01A,TCGA.A6.A566.01A,TCGA.A6.A567.01A,TCGA.A6.A56B.01A,TCGA.A6.A5ZU.01A,TCGA.AA.3488.01A,TCGA.AA.3489.01A,TCGA.AA.3492.01A,TCGA.AA.3494.01A,TCGA.AA.3495.01A,TCGA.AA.3496.01A,TCGA.AA.3502.01A,TCGA.AA.3506.01A,TCGA.AA.3509.01A,TCGA.AA.3510.01A,TCGA.AA.3511.01A,TCGA.AA.3514.01A,TCGA.AA.3516.01A,TCGA.AA.3517.01A,TCGA.AA.3518.01A,TCGA.AA.3519.01A,TCGA.AA.3520.01A,TCGA.AA.3521.01A,TCGA.AA.3522.01A,TCGA.AA.3524.01A,TCGA.AA.3525.01A,TCGA.AA.3526.01A,TCGA.AA.3527.01A,TCGA.AA.3529.01A,TCGA.AA.3530.01A,TCGA.AA.3531.01A,TCGA.AA.3532.01A,TCGA.AA.3534.01A,TCGA.AA.3538.01A,TCGA.AA.3542.01A,TCGA.AA.3543.01A,TCGA.AA.3544.01A,TCGA.AA.3548.01A,TCGA.AA.3549.01A,TCGA.AA.3552.01A,TCGA.AA.3553.01A,TCGA.AA.3554.01A,TCGA.AA.3555.01A,TCGA.AA.3556.01A,TCGA.AA.3560.01A,TCGA.AA.3561.01A,TCGA.AA.3562.01A,TCGA.AA.3655.01A,TCGA.AA.3660.01A,TCGA.AA.3662.01A,TCGA.AA.3663.01A,TCGA.AA.3664.01A,TCGA.AA.3666.01A,TCGA.AA.3667.01A,TCGA.AA.3672.01A,TCGA.AA.3673.01A,TCGA.AA.3675.01A,TCGA.AA.3678.01A,TCGA.AA.3679.01A,TCGA.AA.3680.01A,TCGA.AA.3681.01A,TCGA.AA.3684.01A,TCGA.AA.3685.01A,TCGA.AA.3688.01A,TCGA.AA.3692.01A,TCGA.AA.3693.01A,TCGA.AA.3696.01A,TCGA.AA.3697.01A,TCGA.AA.3710.01A,TCGA.AA.3712.01A,TCGA.AA.3713.01A,TCGA.AA.3715.01A,TCGA.AA.3811.01A,TCGA.AA.3812.01A,TCGA.AA.3814.01A,TCGA.AA.3815.01A,TCGA.AA.3818.01A,TCGA.AA.3819.01A,TCGA.AA.3821.01A,TCGA.AA.3831.01A,TCGA.AA.3833.01A,TCGA.AA.3837.01A,TCGA.AA.3841.01A,TCGA.AA.3842.01A,TCGA.AA.3844.01A,TCGA.AA.3845.01A,TCGA.AA.3846.01A,TCGA.AA.3848.01A,TCGA.AA.3850.01A,TCGA.AA.3851.01A,TCGA.AA.3852.01A,TCGA.AA.3854.01A,TCGA.AA.3855.01A,TCGA.AA.3856.01A,TCGA.AA.3858.01A,TCGA.AA.3860.01A,TCGA.AA.3861.01A,TCGA.AA.3862.01A,TCGA.AA.3864.01A,TCGA.AA.3866.01A,TCGA.AA.3867.01A,TCGA.AA.3869.01A,TCGA.AA.3870.01A,TCGA.AA.3872.01A,TCGA.AA.3875.01A,TCGA.AA.3877.01A,TCGA.AA.3930.01A,TCGA.AA.3939.01A,TCGA.AA.3941.01A,TCGA.AA.3947.01A,TCGA.AA.3949.01A,TCGA.AA.3950.01A,TCGA.AA.3952.01A,TCGA.AA.3955.01A,TCGA.AA.3956.01A,TCGA.AA.3966.01A,TCGA.AA.3968.01A,TCGA.AA.3970.01A,TCGA.AA.3971.01A,TCGA.AA.3972.01A,TCGA.AA.3973.01A,TCGA.AA.3975.01A,TCGA.AA.3976.01A,TCGA.AA.3979.01A,TCGA.AA.3980.01A,TCGA.AA.3982.01A,TCGA.AA.3984.01A,TCGA.AA.3986.01A,TCGA.AA.3989.01A,TCGA.AA.3994.01A,TCGA.AA.A004.01A,TCGA.AA.A00A.01A,TCGA.AA.A00D.01A,TCGA.AA.A00E.01A,TCGA.AA.A00F.01A,TCGA.AA.A00J.01A,TCGA.AA.A00K.01A,TCGA.AA.A00L.01A,TCGA.AA.A00N.01A,TCGA.AA.A00O.01A,TCGA.AA.A00Q.01A,TCGA.AA.A00R.01A,TCGA.AA.A00U.01A,TCGA.AA.A00W.01A,TCGA.AA.A00Z.01A,TCGA.AA.A010.01A,TCGA.AA.A017.01A,TCGA.AA.A01C.01A,TCGA.AA.A01D.01A,TCGA.AA.A01F.01A,TCGA.AA.A01G.01A,TCGA.AA.A01I.01A,TCGA.AA.A01K.01A,TCGA.AA.A01P.01A,TCGA.AA.A01Q.01A,TCGA.AA.A01R.01A,TCGA.AA.A01S.01A,TCGA.AA.A01T.01A,TCGA.AA.A01V.01A,TCGA.AA.A01X.01A,TCGA.AA.A01Z.01A,TCGA.AA.A022.01A,TCGA.AA.A024.01A,TCGA.AA.A029.01A,TCGA.AA.A02E.01A,TCGA.AA.A02F.01A,TCGA.AA.A02H.01A,TCGA.AA.A02J.01A,TCGA.AA.A02K.01A,TCGA.AA.A02O.01A,TCGA.AA.A02R.01A,TCGA.AA.A02W.01A,TCGA.AA.A02Y.01A,TCGA.AA.A03F.01A,TCGA.AA.A03J.01A,TCGA.AD.6548.01A,TCGA.AD.6888.01A,TCGA.AD.6889.01A,TCGA.AD.6895.01A,TCGA.AD.6965.01A,TCGA.AM.5820.01A,TCGA.AM.5821.01A,TCGA.AU.3779.01A,TCGA.AU.6004.01A,TCGA.AY.4070.01A,TCGA.AY.5543.01A,TCGA.AY.6386.01A,TCGA.AY.A54L.01A,TCGA.AY.A69D.01A,TCGA.AY.A71X.01A,TCGA.AY.A8YK.01A,TCGA.AZ.4308.01A,TCGA.AZ.4313.01A,TCGA.AZ.4315.01A,TCGA.AZ.4323.01A,TCGA.AZ.4614.01A,TCGA.AZ.4615.01A,TCGA.AZ.4616.01A,TCGA.AZ.4682.01B,TCGA.AZ.4684.01A,TCGA.AZ.5407.01A,TCGA.AZ.6600.01A,TCGA.AZ.6601.01A,TCGA.AZ.6605.01A,TCGA.AZ.6606.01A,TCGA.AZ.6607.01A,TCGA.AZ.6608.01A,TCGA.CA.5254.01A,TCGA.CA.5255.01A,TCGA.CA.5256.01A,TCGA.CA.5796.01A,TCGA.CA.5797.01A,TCGA.CA.6715.01A,TCGA.CA.6716.01A,TCGA.CA.6717.01A,TCGA.CA.6718.01A,TCGA.CA.6719.01A,TCGA.CK.4947.01B,TCGA.CK.4948.01B,TCGA.CK.4950.01A,TCGA.CK.4951.01A,TCGA.CK.4952.01A,TCGA.CK.5916.01A,TCGA.CK.6748.01A,TCGA.CM.4743.01A,TCGA.CM.4744.01A,TCGA.CM.4746.01A,TCGA.CM.4747.01A,TCGA.CM.4748.01A,TCGA.CM.4750.01A,TCGA.CM.4751.01A,TCGA.CM.4752.01A,TCGA.CM.5341.01A,TCGA.CM.5344.01A,TCGA.CM.5348.01A,TCGA.CM.5349.01A,TCGA.CM.5860.01A,TCGA.CM.5861.01A,TCGA.CM.5862.01A,TCGA.CM.5863.01A,TCGA.CM.5864.01A,TCGA.CM.5868.01A,TCGA.CM.6161.01A,TCGA.CM.6162.01A,TCGA.CM.6163.01A,TCGA.CM.6164.01A,TCGA.CM.6165.01A,TCGA.CM.6166.01A,TCGA.CM.6167.01A,TCGA.CM.6168.01A,TCGA.CM.6169.01A,TCGA.CM.6170.01A,TCGA.CM.6171.01A,TCGA.CM.6172.01A,TCGA.CM.6674.01A,TCGA.CM.6675.01A,TCGA.CM.6676.01A,TCGA.CM.6677.01A,TCGA.CM.6678.01A,TCGA.CM.6679.01A,TCGA.CM.6680.01A,TCGA.D5.5538.01A,TCGA.D5.5539.01A,TCGA.D5.5540.01A,TCGA.D5.5541.01A,TCGA.D5.6529.01A,TCGA.D5.6530.01A,TCGA.D5.6531.01A,TCGA.D5.6532.01A,TCGA.D5.6533.01A,TCGA.D5.6534.01A,TCGA.D5.6536.01A,TCGA.D5.6538.01A,TCGA.D5.6539.01A,TCGA.D5.6540.01A,TCGA.D5.6541.01A,TCGA.D5.6898.01A,TCGA.D5.6920.01A,TCGA.D5.6922.01A,TCGA.D5.6923.01A,TCGA.D5.6924.01A,TCGA.D5.6926.01A,TCGA.D5.6927.01A,TCGA.D5.6928.01A,TCGA.D5.6929.01A,TCGA.D5.6930.01A,TCGA.D5.6931.01A,TCGA.D5.6932.01A,TCGA.D5.7000.01A,TCGA.DM.A0X9.01A,TCGA.DM.A0XD.01A,TCGA.DM.A0XF.01A,TCGA.DM.A1D0.01A,TCGA.DM.A1D4.01A,TCGA.DM.A1D6.01A,TCGA.DM.A1D7.01A,TCGA.DM.A1D9.01A,TCGA.DM.A1DA.01A,TCGA.DM.A1DB.01A,TCGA.DM.A1HA.01A,TCGA.DM.A1HB.01A,TCGA.DM.A280.01A,TCGA.DM.A282.01A,TCGA.DM.A285.01A,TCGA.DM.A288.01A,TCGA.DM.A28A.01A,TCGA.DM.A28C.01A,TCGA.DM.A28E.01A,TCGA.DM.A28F.01A,TCGA.DM.A28G.01A,TCGA.DM.A28H.01A,TCGA.DM.A28K.01A,TCGA.DM.A28M.01A,TCGA.F4.6459.01A,TCGA.F4.6460.01A,TCGA.F4.6461.01A,TCGA.F4.6463.01A,TCGA.F4.6569.01A,TCGA.F4.6570.01A,TCGA.F4.6703.01A,TCGA.F4.6805.01A,TCGA.F4.6806.01A,TCGA.F4.6807.01A,TCGA.F4.6808.01A,TCGA.F4.6809.01A,TCGA.F4.6854.01A,TCGA.F4.6855.01A,TCGA.F4.6856.01A,TCGA.G4.6293.01A,TCGA.G4.6294.01A,TCGA.G4.6295.01A,TCGA.G4.6297.01A,TCGA.G4.6299.01A,TCGA.G4.6302.01A,TCGA.G4.6303.01A,TCGA.G4.6304.01A,TCGA.G4.6306.01A,TCGA.G4.6307.01A,TCGA.G4.6309.01A,TCGA.G4.6310.01A,TCGA.G4.6314.01A,TCGA.G4.6315.01A,TCGA.G4.6586.01A,TCGA.G4.6588.01A,TCGA.G4.6625.01A,TCGA.G4.6626.01A,TCGA.G4.6627.01A,TCGA.G4.6628.01A,TCGA.NH.A50U.01A,TCGA.NH.A50V.01A,TCGA.NH.A6GC.01A,TCGA.NH.A8F8.01A,TCGA.QG.A5Z2.01A,TCGA.SS.A7HO.01A,TCGA.T9.A92H.01A
OMD,0.751203000367603,0.0,0.643161395752212,0.9964883826904641,0.48319692960998706,0.872177947495265,0.539293774487364,0.6399523152801679,0.807783126330591,0.742931393277333,0.0,0.886347884413985,0.7504009282994001,0.71400249649455,0.0,0.828742168925578,0.9991503307264941,0.0,0.821325655746552,0.8408980163595601,1.09516326080566,0.8594407093333621,0.6984185257226629,1.25360855236919,0.815459519809394,0.9818416981274,0.8090282826061691,0.678922778439625,0.717586811993528,0.483803990743557,0.6984475471471171,0.691618466156933,0.9071675590739979,0.821990556730817,0.8486435116580021,0.707804828037236,0.770681591848078,0.0,0.9810506317014591,0.38855478398337895,0.667548629920549,1.00618926657084,0.353236206617178,0.9214317642070159,0.3762116682808329,0.7805979944894491,1.1491650019775501,0.18691326313235,0.775076096512427,0.7105337062962741,0.8206769657130709,0.504289885555897,0.31070071736693294,0.9713115797526769,1.10074387827709,0.830968141595403,0.710462881667735,1.21182023386642,0.0,1.04278733249703,0.7459006141973941,0.29288724193866195,0.0,0.632049601813812,0.0,0.6426696763708389,0.795751844465216,0.383605526865729,0.797456108802852,0.622911263314016,0.0,0.594304839002604,0.0,0.0,0.254061837299077,0.7686410272622142,0.0,0.0,0.0,0.7091338517901291,0.0,0.526966298731247,0.5608141153788629,0.594100442617536,0.8338552097535941,0.84353144936948,1.02546863598026,0.0,0.57180816289428,0.5424579350078189,0.497535631463961,0.29220760683291996,0.4542162180161671,1.01346486318306,0.534455902541331,0.802060420675088,0.940266302519097,0.629349623590428,0.0,0.628058962171282,0.91381363738209,0.8720517111179329,0.8884971323366422,0.299968544077516,0.6888689959446329,0.0,0.0,0.0,0.9672914576156529,0.778905022663213,0.48387643745996706,0.39525420025246705,0.585492521744919,0.0,0.64059782757643,0.6175465648889921,0.8613281661414329,0.809070158657998,1.08127974409827,0.0,0.270487894400744,0.602437088965834,0.591670056482813,0.565079697410684,0.894239713366403,0.283762934887014,0.0,0.8738955819831128,0.602325398824932,0.993102538262384,0.483517968898575,0.870749114092255,0.29033736149897,0.772945388870447,0.905459834806506,0.450400546500574,1.00739390565885,0.582802252954791,0.637105644638173,0.415123314211706,0.503588411872362,0.691138674693891,0.48991470278735993,0.9345073773065171,0.0,0.0,0.7094084711704252,0.886950529833309,0.5280159330556871,0.0,0.553397790690604,0.6318985696373111,0.953388891119241,1.2118291080518102,1.3954201756123301,0.8527741773834251,1.0449900579948102,0.958408523594174,0.7842579656517671,0.474851460519448,0.0,1.0305858219112398,0.7126463095918959,0.8147427697001679,0.50472670854224,0.985295661998782,0.0,0.7191887492047919,0.844101915557466,0.6761503019754369,0.64380297931048,0.30600307845326896,1.0988197678279399,0.94737208613289,0.295513500278884,0.0,0.67031904219122,0.582185465544281,0.6520780137146801,0.502828344865603,0.5784543256527679,0.8616675825150479,0.885830358135881,0.0,0.29431732222100204,0.6158739668821049,0.0,0.4448928882422079,0.513314559444634,0.541900207323145,0.436738157463428,1.00568593600056,0.9351464846022041,0.760693557423528,0.55431839832984,0.33215324778851896,0.311113580446773,0.557535811544685,0.0,0.84991413268709,0.0,1.0361712201681,0.0,0.0,0.44412027834885004,0.8419223423547141,0.8760562590917229,0.0,0.0,0.0,0.0,0.0,0.633198877016617,0.729094969832028,0.273524918003075,0.41580150964492896,0.0,0.473766179056488,0.783298527656035,0.0,0.0,0.31237002946621,0.283169675067886,0.37316311796703006,0.794613156124287,0.0,0.0,0.0,0.768553850517126,0.0,0.0,0.8132339451815921,0.7225520114844399,1.0697304165505699,0.566385163130413,0.8107639058256851,0.563890456953211,0.0,0.237303923918445,0.8342350975292379,0.209403182510572,0.307577454986729,0.0,0.431476452600588,0.0,0.0,0.287134791987135,0.6334541977387329,0.0,0.91076693096808,0.44599523049180106,0.6362880186432629,0.762792386604722,0.30341144321312397,0.6635596556250579,0.9562565832462769,0.95128243083827,0.0,1.3656200254558402,0.23624686179489396,1.0719224933710698,0.5822882777892939,0.943761431658206,0.343258305953222,1.0272023983217902,0.792265210729758,0.9333009082358471,1.1216661317668,0.8105619122106958,1.1535189372091499,0.8583673114239441,0.7737929802181579,0.35642709691291896,0.829102093843095,0.0,1.10875027482408,1.03496793368076,0.431082826550194,0.395498262669651,0.0,0.428502040275655,0.0,0.0,0.6086989010146949,0.654800548721768,1.32810952922912,0.700128779058786,1.06730452428575,0.824510572473769,1.19535526306086,0.0,0.9276358514837758,0.981447713238927,0.7465547840521001,0.9058952512493821,0.86546734067577,1.0478334033355798,0.977727668689468,0.750635522246047,1.21621067760752,0.928848783690576,1.11732819418529,1.05279280204593,1.10111066058423,0.858295578416533,0.24785412293921802,0.9107486761150999,0.8718458562388391,0.48673487066490895,1.0383936484904301,0.839054572482109,0.8073251021816629,1.019621954142,0.432672876823956,0.9009223266289641,0.820382646573361,0.571659411564519,1.0932838759375698,0.9222772708887491,0.578990077546261,0.9865985151268459,0.820902477421223,0.8419052011491559,1.03981122466315,0.38183775377467793,0.7598100181431529,0.0,0.0,1.00651755804659,1.03776027421831,0.0,0.947448468631953,0.8728785858280891,1.12999004929863,0.968790970171611,0.9174691025698709,0.8000155143979691,1.21534968905878,0.7293304566558929,0.35419505522659206,0.615955655214678,0.608989762941454,0.393225627941124,0.483370331378996,0.64321807879163,0.9739773655355859,0.227383930779398,0.30412096567617897,0.642513147911292,0.31827674047743393,0.41626758100542705,0.428877812001698,0.0,0.256302039214355,0.7446855981160619,0.666746467485765,0.723108128917014,0.0,0.530210212950542,0.634412905466937,0.23460641701802,0.44480913715634796,0.6402012858225941,0.22054848604593102,0.362845080956106,0.0,1.1258956055590401,0.982423134405272,0.9289981464336021,0.9844805891629058,1.39761172319369,0.8071046738455129,1.15324743325669,1.13939736083894,0.612581999428924,1.19712032974606,0.6896901781727621,1.1247025276572,0.9083148807507281,1.28447648376284,0.7690933625341091,0.25697375225262603,0.0,0.0,0.8552657024038409,1.17001990842392,1.09081495230131,1.02682206233534,0.30951579580058897,0.0,0.389611755223391,0.25780612969136396,0.954755199821315,0.900162973357104,0.0,0.253593606737618,0.596235441971678,0.843084749669165,0.44139853580061295,0.925838948624995,0.9762647086600891,0.44995054624336495,0.540744121310045,0.783128597044358,0.828431909869006,0.0,0.40250904215145,0.429683478344347
RNY3P2,0.0,0.0,0.0,0.0,0.0,0.0,0.0,0.423703222082382,0.351126914222814,0.459301896964377,0.0,0.0,0.39888596490965,0.0,0.0,0.0,0.0,0.0,0.0,0.287123866192347,0.0,0.0,0.0,0.0,0.0,0.191953289539367,0.12425433192259598,0.485954148118181,0.0,0.0,0.156215739089341,0.40914247210168503,0.0,0.173705099081599,0.4164128829149461,0.0,0.0,0.8032527620939359,0.0,0.0,0.5145649687748,0.0,0.0,0.0,0.0,0.0,0.0,0.18691326313235,0.0,0.391051170149076,0.5197606404165189,0.0,0.0,0.0,0.0,0.0,0.0,0.0,0.0,0.0,0.0,0.0,0.0,0.0,0.0,0.0,0.30123996633919203,0.0,0.0,0.0,0.0,0.0,0.0,0.0,0.0,0.0,0.0,0.0,0.0,0.0,0.0,0.0,0.0,0.0,0.0,0.0,0.0,0.0,0.0,0.0,0.0,0.0,0.0,0.0,0.0,0.0,0.0,0.0,0.0,0.0,0.0,0.0,0.0,0.0,0.0,0.0,0.0,0.0,0.0,0.0,0.0,0.0,0.0,0.0,0.0,0.0,0.0,0.0,0.0,0.0,0.0,0.0,0.0,0.0,0.0,0.0,0.0,0.0,0.0,0.0,0.0,0.49629840915400497,0.0,0.0,0.0,0.0,0.0,0.0,0.0,0.0,0.0,0.0,0.0,0.0,0.0,0.0,0.0,0.0,0.0,0.0,0.0,0.0,0.0,0.0,0.0,0.0,0.0,0.0,0.0,0.0,0.0,0.0,0.0,0.0,0.0,0.0,0.0,0.0,0.0,0.0,0.0,0.0,0.0,0.0,0.0,0.0,0.0,0.0,0.0,0.0,0.0,0.0,0.0,0.0,0.0,0.0,0.0,0.0,0.0,0.0,0.0,0.0,0.0,0.0,0.0,0.0,0.0,0.0,0.0,0.0,0.0,0.0,0.0,0.0,0.0,0.0,0.0,0.0,0.28461155233452196,0.0,0.0,0.0,0.0,0.0,0.0,0.0,0.0,0.0,0.0,0.0,0.0,0.0,0.0,0.0,0.0,0.0,0.0,0.0,0.23061202101048303,0.0,0.0,0.0,0.0,0.0,0.0,0.0,0.0,0.0,0.0,0.0,0.0,0.0,0.0,0.0,0.0,0.0,0.0,0.0,0.0,0.0,0.0,0.0,0.0,0.0,0.0,0.0,0.0,0.0,0.0,0.0,0.0,0.0,0.0,0.0,0.0,0.0,0.0,0.0,0.0,0.0,0.0,0.0,0.0,0.0,0.0,0.0,0.0,0.0,0.0,0.0,0.0,0.0,0.0,0.0,0.0,0.0,0.0,0.0,0.0,0.0,0.0,0.0,0.0,0.0,0.0,0.0,0.0,0.0,0.0,0.0,0.0,0.0,0.0,0.0,0.0,0.0,0.0,0.0,0.0,0.0,0.273955503269885,0.0,0.0,0.0,0.0,0.0,0.0,0.0,0.0,0.0,0.0,0.0,0.0,0.0,0.0,0.0,0.0,0.0,0.22639704908645603,0.228581452034619,0.0,0.0,0.0,0.0,0.0,0.0,0.0,0.0,0.0,0.0,0.0,0.0,0.0,0.0,0.0,0.0,0.0,0.0,0.0,0.0,0.0,0.0,0.0,0.0,0.0,0.0,0.0,0.0,0.0,0.0,0.0,0.0,0.0,0.0,0.0,0.0,0.0,0.0,0.0,0.0,0.0,0.0,0.0,0.0,0.0,0.0,0.0,0.0,0.0,0.0,0.0,0.0,0.0,0.0,0.0,0.0,0.0,0.0,0.0,0.0,0.0,0.0,0.0,0.0,0.0,0.0,0.0,0.0,0.0,0.0,0.0,0.0,0.0,0.0,0.0,0.0,0.0,0.0
RNY1P10,0.0,0.0,0.0,0.0,0.0,0.0,0.0,0.45068371974443705,0.449922898418169,0.31261661407612296,0.0,0.0,0.41080498582466496,0.0,0.0,0.0,0.0,0.0,0.19671556738343499,0.47528114225348705,0.295763875464008,0.0,0.0,0.0,0.0,0.863039876431468,0.30636545721819,0.326928090717095,0.362479860032271,0.0,0.43770920826630294,0.341029973381543,0.0,0.262883196498061,0.694383031047347,0.0,0.0,0.894690928418487,0.0,0.262053133279052,0.587733063991669,0.0,0.0,0.0,0.0,0.0,0.0,0.0,0.0,0.28265725986066303,0.39791674161811796,0.0,0.0,0.0,0.0,0.0,0.0,0.0,0.0,0.0,0.0,0.0,0.0,0.0,0.0,0.0,0.0,0.0,0.0,0.0,0.0,0.0,0.0,0.0,0.0,0.0,0.0,0.0,0.0,0.0,0.0,0.0,0.0,0.0,0.0,0.0,0.0,0.0,0.0,0.0,0.0,0.0,0.0,0.0,0.0,0.0,0.0,0.0,0.0,0.0,0.0,0.0,0.0,0.0,0.0,0.0,0.0,0.0,0.0,0.0,0.0,0.0,0.334998034619352,0.0,0.0,0.0,0.0,0.0,0.0,0.0,0.0,0.0,0.0,0.0,0.0,0.0,0.0,0.0,0.0,0.0,0.0,0.0,0.0,0.0,0.0,0.0,0.0,0.0,0.0,0.0,0.0,0.0,0.0,0.0,0.0,0.0,0.0,0.0,0.0,0.0,0.0,0.0,0.0,0.0,0.0,0.0,0.0,0.0,0.0,0.0,0.0,0.0,0.0,0.0,0.0,0.0,0.0,0.0,0.0,0.0,0.328731908976627,0.44941510626215503,0.0,0.0,0.0,0.0,0.0,0.0,0.0,0.0,0.0,0.0,0.0,0.0,0.0,0.0,0.0,0.0,0.0,0.0,0.0,0.0,0.0,0.0,0.0,0.0,0.0,0.0,0.0,0.0,0.0,0.0,0.0,0.0,0.0,0.0,0.0,0.0,0.0,0.0,0.0,0.0,0.0,0.0,0.0,0.0,0.0,0.0,0.0,0.0,0.0,0.20810048586530602,0.0,0.0,0.0,0.0,0.381721963250756,0.0,0.0,0.0,0.0,0.0,0.0,0.0,0.28376944994944797,0.0,0.0,0.0,0.0,0.0,0.0,0.0,0.0,0.0,0.0,0.0,0.0,0.0,0.0,0.0,0.0,0.0,0.0,0.0,0.22100920624734804,0.0,0.0,0.0,0.0,0.0,0.0,0.0,0.0,0.0,0.0,0.0,0.0,0.0,0.0,0.0,0.0,0.0,0.0,0.0,0.0,0.0,0.0,0.0,0.0,0.0,0.0,0.0,0.0,0.0,0.0,0.0,0.0,0.0,0.0,0.0,0.0,0.0,0.0,0.0,0.0,0.0,0.0,0.0,0.0,0.0,0.0,0.0,0.0,0.0,0.0,0.0,0.0,0.0,0.0,0.0,0.273955503269885,0.0,0.0,0.0,0.0,0.0,0.0,0.0,0.0,0.0,0.0,0.0,0.0,0.0,0.0,0.0,0.0,0.253863285145209,0.0,0.0,0.0,0.0,0.203676011434655,0.0,0.0,0.0,0.0,0.0,0.0,0.0,0.0,0.0,0.0,0.0,0.32685221834102696,0.0,0.0,0.20233107408010997,0.0,0.0,0.229639028118625,0.0,0.0,0.0,0.0,0.0,0.0,0.0,0.0,0.0,0.0,0.0,0.0,0.0,0.0,0.0,0.0,0.0,0.0,0.0,0.0,0.0,0.0,0.0,0.0,0.0,0.0,0.0,0.0,0.0,0.0,0.0,0.0,0.0,0.0,0.0,0.0,0.0,0.0,0.0,0.0,0.0,0.0,0.0,0.0,0.0,0.0,0.0,0.24485817480536604,0.0,0.0,0.0,0.0,0.0,0.0,0.0,0.22137096054560698,0.237744841845085
RNU6-1176P,0.0,0.0,0.0,0.0,0.0,0.0,0.0,0.313921499451581,0.20384332580504605,0.48762957892447395,0.0,0.0,0.541184645905476,0.0,0.0,0.0,0.0,0.0,0.296072206649557,0.694480692220453,0.0,0.215176390294397,0.0,0.0,0.0,0.590942403743032,0.399301147923115,0.5776728418194169,0.0,0.0,0.48591659158772604,0.514208940288998,0.0,0.10523361346905499,0.663300473721955,0.0,0.0,0.838092512379548,0.0,0.4694979918954699,0.427402066532729,0.0,0.0,0.0,0.0,0.0,0.0,0.2819751689278,0.0,0.11382582870044197,0.450097497575599,0.0,0.0,0.0,0.0,0.0,0.0,0.32475359281851396,0.0,0.0,0.0,0.0,0.0,0.0,0.0,0.0,0.0,0.0,0.0,0.0,0.0,0.0,0.28053424575725,0.0,0.0,0.0,0.0,0.0,0.0,0.0,0.0,0.0,0.0,0.0,0.0,0.0,0.0,0.0,0.0,0.0,0.0,0.0,0.0,0.0,0.0,0.0,0.0,0.0,0.0,0.0,0.0,0.0,0.0,0.0,0.0,0.0,0.0,0.0,0.0,0.0,0.0,0.0,0.0,0.0,0.0,0.0,0.0,0.0,0.0,0.0,0.0,0.0,0.0,0.0,0.0,0.0,0.0,0.0,0.0,0.318977937166112,0.0,0.0,0.0,0.0,0.0,0.0,0.0,0.0,0.0,0.281147997243345,0.0,0.0,0.0,0.0,0.0,0.0,0.0,0.0,0.0,0.0,0.0,0.0,0.0,0.0,0.0,0.0,0.0,0.0,0.0,0.0,0.0,0.0,0.0,0.0,0.0,0.0,0.0,0.0,0.298802912473174,0.0,0.0,0.0,0.0,0.0,0.0,0.0,0.0,0.0,0.0,0.0,0.0,0.0,0.34494804382648403,0.0,0.0,0.0,0.0,0.0,0.0,0.0,0.0,0.0,0.0,0.0,0.0,0.0,0.0,0.0,0.0,0.0,0.0,0.0,0.0,0.0,0.0,0.0,0.0,0.0,0.0,0.0,0.0,0.0,0.0,0.0,0.0,0.0,0.0,0.0,0.0,0.0,0.0,0.0,0.0,0.0,0.0,0.0,0.0,0.0,0.0,0.0,0.0,0.39007370164416605,0.0,0.0,0.0,0.250371580475042,0.0,0.0,0.0,0.0,0.0,0.204746808140097,0.0,0.0,0.0,0.0,0.0,0.0,0.0,0.0,0.0,0.0,0.0,0.0,0.0,0.0,0.0,0.0,0.0,0.23624686179489396,0.0,0.0,0.0,0.0,0.0,0.0,0.0,0.0,0.0,0.0,0.0,0.21964661659168203,0.0,0.285561186337839,0.0,0.30732579761162,0.0,0.29268645028388596,0.0,0.0,0.0,0.0,0.0,0.0,0.0,0.0,0.0,0.22555386237455397,0.0,0.304467499942203,0.0,0.0,0.0,0.24485005995154702,0.0,0.0,0.0,0.0,0.0,0.0,0.0,0.0,0.0,0.0,0.242428728005463,0.0,0.0,0.0,0.0,0.0,0.0,0.0,0.0,0.0,0.0,0.0,0.0,0.221548006533374,0.0,0.264963756724884,0.0,0.0,0.0,0.0,0.0,0.0,0.0,0.37709796308462107,0.0,0.0,0.0,0.206554872819737,0.203676011434655,0.0,0.23179441964995198,0.0,0.305997878589349,0.0,0.0,0.0,0.0,0.0,0.0,0.0,0.0,0.0,0.0,0.0,0.21797256491707198,0.212240429127211,0.0,0.283945701157315,0.0,0.0,0.0,0.0,0.0,0.26193886226110397,0.0,0.0,0.0,0.0,0.0,0.0,0.0,0.0,0.0,0.222643217395601,0.0,0.0,0.0,0.260597587728188,0.0,0.0,0.0,0.0,0.0,0.38829340243630395,0.0,0.0,0.0,0.0,0.0,0.0,0.0,0.0,0.0,0.0,0.0,0.0,0.0,0.0,0.0,0.0,0.0,0.253593606737618,0.0,0.0,0.0,0.0,0.0,0.0,0.0,0.0,0.0,0.0,0.0,0.0
RNU5F-1,0.20935483389903797,0.33203683531022304,0.473583132822381,0.0,0.40033751755074504,0.275313284149896,0.0,0.313921499451581,0.669204156765744,0.5648470050583879,0.0,0.277501663057779,0.651538082403446,0.43863474606131303,0.0,0.49787288185349504,0.0,0.0,0.820130532890105,0.7029518232545489,0.0,0.515210893575925,0.329981247807182,0.0,0.9598161872104379,0.9818416981274,0.858487248223055,0.7075170533351031,0.0,0.0,0.6772553612509711,0.705095032628805,0.43246387550222903,0.850351811580567,0.7588486004724442,0.0,0.32720053806321503,0.0,0.0,0.0,0.539190803176575,0.0,0.0,0.27361025602793304,0.0,0.39192966154043196,0.0,0.4260964880632979,0.0,0.748979174849039,0.7458461957208492,0.0,0.0,0.256454849469208,0.0,0.0,0.313825264242627,0.0,0.5411167075760821,0.0,0.0,0.0,0.275852274589737,0.0,0.0,0.0,0.0,0.0,0.0,0.0,0.0,0.25398981706804,0.414272414655553,1.21275944118904,0.0,0.0,0.0,0.0,0.0,0.357469386710885,0.0,0.297800482822603,0.0,0.0,0.0,0.0,0.0,0.33284142631714503,0.47708682022063104,0.37460338857490993,0.497535631463961,0.0,0.309501635160544,0.0,0.0,0.304235060322164,0.0,0.0,0.0,0.0,0.0,0.377665110658244,0.22604637831926602,0.0,0.0,0.0,0.0,0.0,0.0,0.269787492779775,0.48387643745996706,0.0,0.0,0.364045745557485,0.0,0.665804289181802,0.299894066718966,0.0,0.292794348016231,0.0,0.40031538180380605,0.0,0.22680190834792896,0.33740478133473406,0.0,0.56637375984577,0.0,0.0,0.0,0.318977937166112,0.270702372460753,0.27862732432752696,0.0,0.34740254995401004,0.0,0.0,0.7953101551437349,0.6316242391475091,0.0,0.281147997243345,0.0,0.47666057573957793,0.335657100885439,0.0,0.33409273342379303,0.0,0.0,0.67205881491321,0.0,0.0,0.0,0.321723308740839,0.0,0.0,0.0,0.353934541166904,0.0,0.337818352664859,0.0,0.0,0.7476634013338159,0.7833024340305009,0.0,0.39668726962314294,0.0,0.0,0.0,0.0,0.298802912473174,0.43537672160045,0.328731908976627,0.0,0.0,0.0,0.0,0.0,0.0,0.582185465544281,0.0,0.345179813687083,0.428316502673368,0.0,0.502514562977609,0.0,0.0,0.0,0.48291431556112496,0.302711922900282,0.28923838305342997,0.0,0.436738157463428,0.353589654426452,0.0,0.284776195597284,0.461866688375255,0.33215324778851896,0.311113580446773,0.0,0.0,0.28344524520058,0.443600828280319,0.337889282473424,0.0,0.31674355605623805,0.44412027834885004,0.0,0.0,0.0,0.0,0.0,0.368427310278473,0.0,0.0,0.0,0.0,0.0,0.0,0.0,0.0,0.47252086558497,0.342712798462743,0.42992851495244006,0.0,0.0,0.0,0.0,0.0,0.0,0.41788174870727396,0.258246247368511,0.389025893561873,0.0,0.0,0.272641892328529,0.28376944994944797,0.0,0.225140671017993,0.0,0.636418077254811,0.42437000184440204,0.607092617240213,0.0,0.466324820082685,0.355971265733269,0.0,0.0,0.42341280779620605,0.183391782944538,0.45271434572321995,0.538148303041503,0.0,0.428859189684534,0.87964198202536,0.0,0.330753460884507,0.0,0.237386357637095,0.24544338972125399,0.296115435169322,0.23624686179489396,0.0,0.266711748703504,0.0,0.0,0.0,0.0,0.36653400403210795,0.43315494126940796,0.0,0.0,0.0,0.399630071399526,0.0,0.0,0.0,0.0,0.0,0.0,0.0,0.0,0.0,0.0,0.0,0.336362173263226,0.654800548721768,0.305563870440326,0.257054204934149,0.0,0.0,0.447305834671868,0.0,0.0,0.0,0.24485005995154702,0.22199113593502,0.0,0.0,0.22462073247807604,0.39732006536447495,0.262942037095675,0.28204651133301,0.33865752714970393,0.233673081437949,0.0,0.0,0.24785412293921802,0.24076581141893,0.0,0.23904219897903897,0.485364110304969,0.5959020722174239,0.0,0.21466838543142003,0.31447771062309804,0.25857067191818,0.0,0.387207057513833,0.0,0.0,0.0,0.415868252697642,0.234842010664796,0.0,0.0,0.0,0.250344240516823,0.0,0.0,0.0,0.414511916946978,0.407271330559373,0.206554872819737,0.306045777628234,0.265392094739552,0.0,0.0,0.0,0.0,0.0,0.23757179489132102,0.340914499230348,0.225090172462023,0.0,0.42876296534501,0.48889396159170895,0.33352175199094003,0.568680399771105,0.37053303879740795,0.326437985027627,0.0,0.0,0.346666666168468,0.0,0.0,0.31378327054976696,0.0,0.190867035009772,0.26193886226110397,0.22241683930234102,0.38393304359610997,0.0,0.323814458072241,0.0,0.0,0.24371214151398302,0.0,0.43847078112791205,0.0,0.0,0.26126879444106,0.0,0.386521344390582,0.2311216750858,0.0,0.0,0.37690843172408,0.508060978586549,0.0,0.0,0.0,0.0,0.0,0.341736681936536,0.272471785964215,0.252805261242239,0.0,0.0,0.0,0.30951579580058897,0.30104914597669896,0.213661730635621,0.520489366108283,0.0,0.0,0.0,0.37672007036659494,0.0,0.232994948116944,0.44139853580061295,0.239036947818995,0.254831872686885,0.0,0.0,0.2601132521813,0.254031925305368,0.0,0.40250904215145,0.48438217450046
RN7SL329P,0.0,0.0,0.0,0.522521848442483,0.40033751755074504,0.0,0.0,0.672947656415727,0.7804245814015931,0.562913395533911,0.0,0.277501663057779,0.587890328417202,0.0,0.0,0.0,0.0,0.0,0.583424967427169,0.5828780700785411,0.435327537136886,0.0,0.0,0.0,0.493280866542169,0.6844618798007651,0.685905393005197,0.444251973753568,0.0,0.270879309002944,0.608486245364352,0.445719443607392,0.0,1.02160998197428,0.587737518030156,0.24546739774687598,0.0,0.646968507825849,0.0,0.0,0.65434476323888,0.0,0.0,0.0,0.0,0.0,0.0,0.18691326313235,0.19223636162993302,0.538226483131208,0.566091978753874,0.0,0.0,0.0,0.24038111982466898,0.0,0.0,0.0,0.0,0.0,0.0,0.0,0.0,0.0,0.0,0.45032063328842603,0.0,0.0,0.0,0.359193484399715,0.0,0.25398981706804,0.0,0.0,0.0,0.0,0.0,0.0,0.0,0.0,0.36713380888633207,0.0,0.0,0.0,0.30985915520643803,0.0,0.0,1.04168206011788,0.0,0.0,0.0,0.0,0.0,0.46939814961485704,0.30251630293626397,0.0,0.34352408093943393,0.0,0.0,0.0,0.0,0.0,0.0,0.0,0.44452852698272705,0.0,0.0,0.0,0.0,0.0,0.0,0.6777914522502511,0.0,0.0,0.37074079972974205,0.0,0.299894066718966,0.0,0.0,0.0,0.0,0.0,0.0,0.22569709138515598,0.0,0.283762934887014,0.0,0.0,0.5037257832411141,0.0,0.0,0.49629840915400497,0.0,0.0,0.0,0.0,0.0,0.0,0.0,0.415123314211706,0.726429725655129,0.0,0.0,0.0,0.0,0.0,0.270714155065596,0.0,0.29846059550013204,0.0,0.0,0.0,0.489684073785989,0.0,0.0,0.0,0.46048719708009705,0.0,0.0,0.32459018028165504,0.357816551579721,0.0,0.0,0.0,0.0,0.0,0.0,0.341648784230981,0.0,0.0,0.328731908976627,0.0,0.0,0.0,0.0,0.0,0.0,0.0,0.0,0.0,0.428316502673368,0.0,0.0,0.0,0.29431732222100204,0.0,0.0,0.0,0.42632098410759295,0.0,0.0,0.0,0.294248080834584,0.0,0.0,0.33215324778851896,0.0,0.25365951910365697,0.0,0.418306409776415,0.0,0.49294567361794395,0.3615521550537729,0.46413462672491207,0.30215004244200605,0.0,0.0,0.0,0.41992138184347494,0.0,0.53417296636203,0.0,0.27364964370722195,0.34725091318953,0.0,0.0,0.0,0.0,0.0,0.0,0.342712798462743,0.0,0.417924725105346,0.0,0.0,0.27819083326308097,0.0,0.449621313068117,0.0,0.0,0.262390475702662,0.0,0.0,0.0,0.0,0.0,0.0,0.586869081757288,0.0,0.0,0.5031668908397,0.0,0.0,0.0,0.0,0.0,0.0,0.0,0.308406735289039,0.0,0.36839256506094703,0.23724557048831799,0.498359077004789,0.0,0.0,0.0,0.0,0.0,0.0,0.0,0.336916831231489,0.0,0.0,0.0,0.0,0.0,0.0,0.0,0.0,0.0,0.0,0.0,0.0,0.285561186337839,0.0,0.30732579761162,0.0,0.0,0.0,0.0,0.7275065750359342,0.0,0.0,0.0,0.0,0.0,0.0,0.0,0.0,0.0,0.0,0.0,0.0,0.0,0.0,0.0,0.0,0.0,0.0,0.0,0.0,0.0,0.0,0.0,0.0,0.0,0.24076581141893,0.0,0.0,0.0,0.0,0.0,0.0,0.209576895017383,0.0,0.0,0.0,0.0,0.0,0.0,0.0,0.234842010664796,0.0,0.0,0.257248254238073,0.0,0.0,0.253863285145209,0.22639704908645603,0.0,0.0,0.0,0.0,0.0,0.23179441964995198,0.0,0.0,0.0,0.0,0.0,0.0,0.0,0.0,0.0,0.0,0.0,0.0,0.20233107408010997,0.0,0.0,0.0,0.0,0.0,0.0,0.0,0.350005470569644,0.0,0.26193886226110397,0.22241683930234102,0.258746087321417,0.23460641701802,0.0,0.22328234977425698,0.0,0.0,0.0,0.0,0.222643217395601,0.25953232585268,0.0,0.0,0.0,0.0,0.0,0.0,0.0,0.285955065115633,0.0,0.0,0.0,0.0,0.25697375225262603,0.0,0.0,0.0,0.0,0.0,0.21618315529420604,0.0,0.0,0.0,0.0,0.0,0.0,0.0,0.253593606737618,0.0,0.0,0.0,0.0,0.0,0.0,0.0,0.0,0.0,0.289642057610326,0.33126719494803103,0.0
IGHV3OR16-13,0.756750055566696,0.6369628647816489,0.0,0.753918264894343,0.589425805449915,0.0,0.397381704806206,0.224529047251655,0.48443320428239,0.0,0.0,0.0,0.0,0.0,0.675948449546099,0.0,0.0,0.32671856850413206,0.36102229387522994,0.0,0.523725341789674,0.798138173395144,0.0,0.8100390498639009,0.28224562926651897,0.0,0.560379292219292,0.0,0.362479860032271,0.992703848400313,0.0,0.0,0.6472989050131149,0.42694497934419,0.0,0.577207785626664,0.770681591848078,0.7313966791007092,0.0,0.0,0.0,0.280560365639039,0.784826004480192,0.983883224480259,0.556717909487817,0.7805979944894491,0.28671183568929604,0.8717182268413459,0.873687369555777,0.45652409788288795,0.241101368485612,0.0,0.0,0.6987970269603521,0.43403149692131604,0.0,0.0,0.7309982232687672,0.5411167075760821,0.8875846534062309,0.0,0.7317422265489181,0.491830185923424,0.46475681342926795,0.0,0.759697850225535,0.442868538753938,0.703363677937652,0.4313588187900221,0.0,0.0,0.377275254593478,0.28053424575725,0.43259727189655894,0.693470065188016,0.5716697730171401,0.81677014389579,0.776277901857394,0.924420280753109,0.7091338517901291,0.36713380888633207,0.297800482822603,0.41435017139033503,0.0,0.702960977749354,0.42189283423126706,0.5324280381535371,0.0,0.639559546242989,0.9446899341355101,0.718522691792631,0.29220760683291996,0.833096101671639,0.757923379181765,0.5989703994124389,0.0,0.722509579524741,0.0,0.306154801236042,0.827353517751973,0.250485174577594,0.5141632665911889,0.611152253122314,0.0,0.0,0.636282420499084,0.0,0.0,0.0,0.48203854747678293,0.842364855421058,0.959481660119671,0.707372455450341,0.899670033919366,0.0,0.747941717514718,0.683993628887875,0.0,0.0,0.0,0.8854629860469151,0.5038234683005011,0.338970433202541,0.921645724635264,0.567399694628104,0.7130035259490021,0.0,0.7866633934809001,0.5037257832411141,0.467189455532484,0.270702372460753,0.0,0.515070708549205,0.6752363820645719,0.551891421619764,0.0,0.0,0.43176676074221904,0.766024935942193,0.731628553124631,0.0,0.8861534557853621,0.586518388708605,0.6516939136973421,0.33409273342379303,0.877836429508068,0.851726078160307,0.836483199423197,0.9827949065156328,0.546556273273635,0.658921255562198,0.0,0.335487325416568,0.730894272881641,0.35750143471830303,0.7848950000456492,0.0,0.49284939870208705,0.0,0.688757018270203,0.7476634013338159,0.318446037635971,0.0,0.8615707124359301,0.0,0.0,0.363802101300798,0.9191119971879399,0.298802912473174,0.737685642421303,0.64380297931048,0.9245368976940501,0.0,0.0,0.675601241896096,0.0,0.0,0.0,0.6788499324554211,0.0,1.0961533577043499,0.8121281529900791,0.0,0.0,0.433332914864282,0.7968854757605559,0.48291431556112496,0.5347661356846,0.0,0.541900207323145,0.0,0.0,0.0,0.506172158964503,0.620570495352789,0.0,0.456426209691872,0.37681243527529606,0.0,0.28344524520058,0.0,0.0,0.0,0.46413462672491207,0.30215004244200605,0.0,0.608780963110404,0.0,0.0,0.0,0.0,0.27504666617339896,0.0,0.0,0.273524918003075,0.0,0.486190701447034,0.323794537450456,0.0,0.0,0.0,0.31237002946621,0.0,0.540527428768285,0.0,0.411021669554291,0.789140250804345,0.449621313068117,0.733115537219948,0.38323396627445505,0.0,0.0,0.452815170313307,0.0,0.9467894751446558,0.8555967456440291,0.225140671017993,0.949395162957527,0.589717658204062,0.721372165509047,0.209403182510572,0.623306897792665,0.0,0.706600765495328,0.0,0.0,0.287134791987135,0.799898347207518,0.0,0.304846029454531,0.44599523049180106,0.7280362219566229,0.7195992603792191,0.8828938329357601,0.8795926250210001,0.6765807548122011,0.890133071561565,0.36528001215375394,0.901763143427203,0.0,0.7764781296515251,0.0,0.33103403817206706,1.08088353193512,0.798242960307704,0.525041563030373,0.5435178355003211,0.8617590250743249,0.693268273590996,0.863949632272272,0.9845557554616171,0.21964661659168203,1.19053361612142,0.285561186337839,0.25829204170387304,0.76103384614822,0.264287537762441,0.0,0.267029640410709,0.0,0.428502040275655,0.0,0.596461934760198,0.794246914551164,0.539699283451442,0.0,0.3815662102971,0.40947907169221104,0.546705472108486,0.602336244981963,0.0,0.0,0.7513126609218621,0.605566159295426,0.496231088842303,0.9018626867129879,0.913686178256744,0.804594544666007,0.572783296007333,0.748067154782047,0.0,0.689911456709424,0.7765056105782059,0.814173422748242,0.740680214192135,0.24785412293921802,0.8026372036744099,0.447525640802835,0.23904219897903897,0.238286148362149,0.7560390882446891,0.361260416688118,0.8715342714182529,0.7051231898598821,0.9398526307576841,0.789594865565621,0.0,0.651145085089662,1.13478954928976,0.264963756724884,0.648884848750548,0.650105268195968,0.695167029707601,0.917359733107052,0.0,0.250344240516823,1.0059365581556199,0.253863285145209,0.7320244648411441,0.694821572998364,0.9459247602493441,0.46567011265551,0.421683327218484,1.03558277159737,0.8185699908695551,0.5789681673592321,1.0205795996917701,1.09586233432504,1.1130909079096298,0.9153692214109829,0.22817446515170298,0.6596539378587061,0.393225627941124,0.0,0.21826387710710998,0.0,0.227383930779398,0.0,0.396831882390385,0.0,0.573483368791074,0.283945701157315,0.0,0.256302039214355,0.0,0.0,0.0,0.26193886226110397,0.558057900729114,0.464117425413886,0.23460641701802,0.623215072433749,0.604894166795988,0.330099070402823,0.0,0.0,0.361951894829839,0.333073331163978,0.636032269931337,0.46822288054894895,0.9221226316863559,0.8071046738455129,0.868682451541785,0.42509910676079105,0.836318856201525,0.908841384609842,0.285955065115633,0.38829340243630395,0.607398592997617,0.49327462115469894,0.639807808972447,0.9516409954364321,0.0,0.769645814073771,0.6706430945980799,0.790476573826928,0.7951331560582459,0.588719539657182,0.0,0.30104914597669896,0.440247750740599,0.25780612969136396,0.0,0.49833225576579,0.285053158909884,0.0,0.405386355202021,0.9408790907992579,0.24485817480536604,0.8595573382941339,0.830439245270636,0.19870589839875002,0.8793962509203309,0.783128597044358,0.456428099981041,0.5790522447033871,0.22137096054560698,0.354439127635873
AL110505.1,0.0,0.0,0.515429256351722,0.0,0.0,0.0,0.0,0.0,0.269366394941882,0.412597242741575,0.0,0.6726816541564921,0.6523200389268249,0.0,0.0,0.49787288185349504,0.0,0.0,0.489776476029175,0.613071817291452,0.0,0.39215102219442405,0.0,0.0,0.0,0.0,0.7272281581882108,0.444251973753568,0.0,0.0,0.0,0.276301247360486,0.31431714955527196,0.7278702322823342,0.65751812412074,0.24546739774687598,0.0,0.0,0.0,0.0,0.0,0.280560365639039,0.0,0.27361025602793304,0.0,0.0,0.28671183568929604,0.501678879415423,0.19223636162993302,0.0,0.127799386498126,0.0,0.31070071736693294,0.0,0.0,0.0,0.774079325445729,0.0,0.0,0.486137166158491,0.0,0.6310808878194449,0.0,0.702701223508389,0.0,0.0,0.0,0.0,0.0,0.0,0.0,0.0,0.0,0.0,0.0,0.0,0.0,0.0,0.0,0.0,0.0,0.0,0.280590325431141,0.0,0.0,0.0,0.0,0.0,0.0,0.0,0.0,0.0,0.0,0.320594574578664,0.0,0.0,0.0,0.0,0.0,0.291248898911339,0.0,0.254268077671322,0.0,0.0,0.0,0.0,0.0,0.0,0.292096395721822,0.39934029694879397,0.0,0.0,0.0,0.0,0.0,0.0,0.299894066718966,0.0,0.0,0.0,0.0,0.0,0.0,0.0,0.0,0.0,0.0,0.0,0.0,0.318977937166112,0.0,0.0,0.0,0.0,0.551891421619764,0.0,0.0,0.0,0.0,0.281147997243345,0.0,0.0,0.0,0.0,0.0,0.0,0.0,0.7260110786523192,0.0,0.0,0.0,0.0,0.0,0.0,0.0,0.879915662278146,0.0,0.0,0.0,0.0,0.0,0.0,0.0,0.0,0.346582414203117,0.0,0.0,0.828989511468381,0.0,0.29579955536233804,0.0,0.0,0.0,0.0,0.0,0.0,0.0,0.0,0.0,0.0,0.0,0.0,0.0,0.0,0.0,0.0,0.0,0.302711922900282,0.0,0.0,0.0,0.0,0.294248080834584,0.0,0.0,0.0,0.0,0.0,0.0,0.0,0.0,0.0,0.0,0.31674355605623805,0.30215004244200605,0.0,0.0,0.0,0.0,0.468932847369824,0.0,0.0,0.0,0.0,0.0,0.0,0.0,0.0,0.916269490583593,0.0,0.342712798462743,0.0,0.0,0.0,0.6286426209052579,0.0,0.0,0.0,0.23061202101048303,0.0,0.0,0.0,0.0,0.0,0.0,0.250371580475042,0.0,0.0,0.0,0.0,0.0,0.0,0.0,0.0,0.0,0.0,0.0,0.0,0.0,0.0,0.247658203225342,0.0,0.498359077004789,0.0,0.0,0.0,0.0,0.0,0.0,0.0,0.0,0.0,0.0,0.0,0.0,0.0,0.0,0.0,0.0,0.0,0.0,0.0,0.0,0.0,0.0,0.0,0.0,0.0,0.267029640410709,0.0,0.0,0.0,0.49859947628428797,0.224961647680894,0.449171342073247,0.0,0.257054204934149,0.0,0.912240476932053,0.0,0.0,0.0,0.0,0.0,0.33214773607793296,0.0,0.0,0.0,0.7815881081347521,0.0,0.28204651133301,0.0,0.0,0.0,0.242428728005463,0.0,0.794782822582955,0.304627480682548,0.0,0.0,0.0,0.536305117768894,0.32173601330665996,0.0,0.0,0.0,0.0,0.87829893493459,0.226692675386004,0.0,0.0,0.0,0.0,0.0,0.0,0.0,0.0,0.0,0.22639704908645603,0.706686886001513,0.0,0.206554872819737,0.459918813259424,0.0,1.00816672018962,0.264952153746114,0.0,0.0,0.0,0.0,0.22817446515170298,0.225090172462023,0.0,0.0,0.21826387710710998,0.0,0.0,0.0,0.396831882390385,0.212240429127211,0.0,0.0,0.0,0.0,0.0,0.0,0.287668516406925,0.0,0.404253627861147,1.02652379932398,0.0,0.0,0.22328234977425698,0.22054848604593102,0.0,0.0,0.0,0.0,0.0,0.26126879444106,0.271385155392318,0.0,0.0,0.0,0.0,0.8882521255984251,0.0,0.0,0.233979189797642,0.0,0.0,0.0,0.41480040666862195,0.0,0.0,0.0,0.0,0.0,0.0,0.0,0.389611755223391,0.0,0.444633397941608,0.0,0.0,0.0,0.0,0.232994948116944,0.0,0.0,0.0,0.0,0.0,0.0,0.0,0.0,0.0,0.0
AC090373.1,0.0,0.0,0.0,0.0,0.270503796699367,0.0,0.268381221254596,0.599450547895565,0.269366394941882,0.0,0.0,0.0,0.377918957883616,0.0,0.0,0.0,0.0,0.0,0.19671556738343499,0.493940988087988,0.0,0.0,0.0,0.0,0.540634709281049,0.696242578039291,0.12425433192259598,0.46912550482485793,0.0,0.0,0.26665095854498105,0.37393626618284204,0.0,0.173705099081599,0.37012545522384793,0.0,0.0,0.0,0.0,0.0,0.592624936772228,0.0,0.0,0.0,0.0,0.0,0.0,0.0,0.0,0.28265725986066303,0.418077060102809,0.0,0.0,0.0,0.0,0.0,0.0,0.0,0.0,0.0,0.0,0.0,0.0,0.0,0.0,0.0,0.0,0.0,0.0,0.0,0.0,0.0,0.0,0.0,0.0,0.0,0.0,0.0,0.0,0.0,0.0,0.0,0.0,0.0,0.0,0.0,0.0,0.0,0.0,0.0,0.0,0.0,0.0,0.0,0.0,0.0,0.0,0.0,0.0,0.0,0.0,0.0,0.0,0.0,0.0,0.0,0.0,0.0,0.0,0.0,0.0,0.0,0.0,0.0,0.0,0.0,0.0,0.0,0.0,0.0,0.0,0.0,0.0,0.0,0.0,0.0,0.0,0.0,0.0,0.0,0.0,0.0,0.0,0.0,0.0,0.0,0.0,0.0,0.0,0.0,0.0,0.0,0.0,0.0,0.0,0.0,0.0,0.0,0.0,0.0,0.0,0.321723308740839,0.0,0.0,0.0,0.0,0.0,0.0,0.0,0.0,0.0,0.0,0.0,0.0,0.0,0.0,0.0,0.0,0.0,0.0,0.0,0.0,0.0,0.0,0.0,0.0,0.0,0.0,0.0,0.0,0.0,0.0,0.0,0.0,0.0,0.0,0.0,0.0,0.0,0.0,0.0,0.0,0.0,0.0,0.0,0.0,0.0,0.0,0.0,0.0,0.0,0.0,0.0,0.0,0.0,0.0,0.0,0.0,0.0,0.0,0.0,0.0,0.0,0.0,0.0,0.0,0.0,0.0,0.0,0.0,0.0,0.0,0.0,0.0,0.0,0.0,0.0,0.0,0.0,0.0,0.0,0.0,0.0,0.272641892328529,0.0,0.0,0.0,0.0,0.0,0.0,0.0,0.0,0.0,0.0,0.0,0.0,0.0,0.0,0.0,0.0,0.0,0.0,0.0,0.0,0.0,0.0,0.0,0.0,0.0,0.0,0.0,0.266711748703504,0.0,0.0,0.0,0.0,0.0,0.0,0.0,0.0,0.0,0.0,0.0,0.0,0.0,0.0,0.0,0.0,0.0,0.0,0.0,0.0,0.0,0.0,0.0,0.0,0.0,0.0,0.0,0.0,0.0,0.0,0.38264206575956206,0.0,0.0,0.0,0.0,0.0,0.0,0.0,0.0,0.0,0.0,0.0,0.0,0.0,0.0,0.0,0.23904219897903897,0.0,0.0,0.0,0.0,0.0,0.0,0.0,0.0,0.0,0.0,0.0,0.0,0.0,0.0,0.0,0.0,0.0,0.0,0.0,0.0,0.0,0.0,0.0,0.0,0.0,0.0,0.0,0.0,0.0,0.0,0.0,0.0,0.0,0.0,0.0,0.0,0.0,0.0,0.0,0.0,0.0,0.0,0.0,0.0,0.0,0.0,0.0,0.0,0.0,0.0,0.0,0.0,0.0,0.0,0.0,0.0,0.0,0.0,0.0,0.0,0.0,0.0,0.0,0.0,0.0,0.0,0.0,0.0,0.0,0.0,0.0,0.0,0.0,0.0,0.0,0.0,0.0,0.0,0.0,0.0,0.0,0.0,0.0,0.0,0.0,0.0,0.0,0.0,0.0,0.0,0.0,0.0,0.0,0.0,0.0,0.0,0.192239174251452,0.0,0.0
AC090116.1,0.68776648519083,0.556977074930257,0.9222747563905179,0.661094378571256,0.979899058962412,0.7760300787930341,0.0,0.5673188402566031,0.506744805175261,0.71286595469887,0.6681431812148799,0.8238741942493321,0.6987979691137591,0.0,0.0,0.34152176394217404,0.402813252391145,0.0,0.677764614965751,0.7209514593673891,0.0,0.515210893575925,0.329981247807182,0.5807607424368361,0.134796155207841,0.6844618798007651,0.601113405058794,0.625106787724201,0.9351797170173871,0.590131311408696,0.5021689963856221,0.4229334956637029,0.63508375849868,0.6775821421927889,0.9235593847244541,0.577207785626664,0.5733266335800921,0.0,0.9503476163532969,0.610347554881418,0.0,1.0459881844990502,0.42827544012871005,0.48821467824526293,0.0,0.836565975826446,0.84507879153702,0.767303562562943,0.549998576859755,0.187386581638055,0.42697016097998797,0.6816249050082651,0.613056928428138,0.9298706283567929,0.6627108053731079,0.300181891844961,0.9628804932364928,0.32475359281851396,0.5411167075760821,0.6146540999716661,0.332749926781368,0.29288724193866195,0.40777471113095,0.793691333674818,0.499051031165797,0.0,0.0,0.6033177007218101,0.0,0.0,0.0,0.25398981706804,0.7063292219029391,0.29378401450263397,0.254061837299077,0.639409404451187,0.33539192503444604,0.554064750146854,0.539899599120675,0.7091338517901291,0.36713380888633207,0.0,1.0182589199518002,0.49653594075956503,0.7661288670538071,0.6184158203890939,0.301238169359716,0.0,0.0,0.0,0.0,0.430421908985121,0.309501635160544,0.46939814961485704,0.0,0.5371804601630961,0.0,0.0,0.0,0.5165264553502461,0.0,0.7430299303067671,0.22604637831926602,0.644094605266587,0.648631130493049,0.0,0.0,0.0,0.921390659893646,0.5880793800000911,0.400922562688106,0.0,0.707372455450341,0.0,0.0,0.0,0.5302938659585029,0.85143946066332,0.731552352746048,0.0,0.40031538180380605,0.0,0.7992456693195741,0.40971739286886,0.393274620669576,0.940071468062532,0.0,0.629192903979789,0.9755861949208242,0.7201698183941808,0.730194814893249,0.7262844084054059,0.42783937243118303,0.34740254995401004,0.0,0.0,0.0,0.671120832151441,0.475116742517488,0.609334570907706,0.672455712445855,0.6390287226189589,0.335657100885439,0.0,0.33409273342379303,0.46046310290398096,0.658918458735559,0.503267659241433,0.681251056190452,0.546556273273635,0.0,0.0,0.489684073785989,0.787973392336445,0.620310449908834,0.5146621923170379,0.5629829116050009,0.49284939870208705,0.30635222773976,0.864872158023711,0.519897935943505,0.8090118860969371,1.1159278125795802,0.0,1.34832506053915,0.5293765677839449,0.0,0.5958275355172479,1.01945283176828,0.803769785214693,0.575720125226535,0.913397270843572,0.0,0.8602188502666941,0.0,0.0,0.344466063315169,0.8118341748944041,0.26735830877191397,0.0,0.8541434682192691,0.33302479830052195,0.502514562977609,0.0,0.52142099296521,0.284665785461247,0.685079973689863,0.0,1.1689589179585802,0.307216550204448,0.589060240213838,0.7402527177141851,0.78094270958351,0.0,0.0,0.33215324778851896,0.0,0.593644939426598,0.6817284552272099,0.565817641360698,0.831321687254725,0.337889282473424,0.6987959270240639,0.8484135817544681,0.880065130277777,0.963067132697455,0.0,0.30520162623404806,0.41992138184347494,0.0,0.0,0.40665548487340997,0.27364964370722195,0.6045036717361351,0.595095254393343,0.0,0.0,0.7292039337157221,1.13315594441201,0.99167053740611,0.8310602647950991,0.665560628249118,0.8236682510712491,0.37316311796703006,1.1554413390504499,0.27819083326308097,0.0,0.306153247085449,0.344364278310499,0.38323396627445505,1.0992637317108298,0.9828224318564759,0.554027214493326,0.0,0.0,0.6653119810254849,0.609104032320006,0.838089247379857,0.48358202472350503,0.28782697883290304,0.6584356436584711,0.204746808140097,0.778823986420277,0.639819230911204,0.0,0.0,0.42341280779620605,0.183391782944538,0.543782002980591,1.19101657491733,0.877595657536186,0.589594588726478,0.0,0.0,0.22100920624734804,0.746797175654672,0.9115780360337521,0.44235994281997704,0.0,0.783161631673163,0.645086534808375,0.477058724346998,0.483629545619718,0.0,0.640073491520676,0.6134500642120739,0.9693771800783241,0.43315494126940796,0.233262698764701,0.9226635292155891,0.460850005943909,0.767604812471485,0.239154766540752,0.285561186337839,0.947386598074618,0.974407076255583,0.39167402972046894,0.518820651221337,0.536899017663775,0.332372945936615,0.0,0.0,0.0,0.40849343493753904,0.7580104578431309,0.539285001808515,0.700128779058786,0.0,0.7529766329906009,0.959330424910217,0.49929971469821,0.654427292055667,0.38264206575956206,0.7342352472256979,0.7973532425980949,0.595651447768528,0.6535197507520351,0.0,0.572783296007333,0.38979603114845796,1.11449806552151,0.33865752714970393,0.348691546319855,0.454918439094195,0.7520556375608208,1.0659883958706702,0.532794375507975,0.447525640802835,0.35626842080594606,0.6752958125485929,0.5959020722174239,0.752441987908674,0.585249209008109,0.720128145394752,0.603434570646444,0.7273584981447301,1.04194668297428,0.8526062490628751,0.732781696430135,0.533233806718869,0.8458270868139429,0.234842010664796,0.598156290691251,0.0,0.922941009538624,0.7821686124950179,0.26343312658351803,0.650288882064996,0.7320244648411441,0.414511916946978,0.33532133283864396,0.427051780364613,0.459918813259424,0.674715252736281,0.578062584532047,0.39260130670165294,0.0,0.624957801694772,0.48287852775095896,0.48406817417456205,1.0295709819103198,0.6596539378587061,0.799958881730828,0.353652683244419,0.691643341568438,0.457391297172578,0.8893310737723441,0.6042261642111569,0.7009156954082951,0.85625995684136,1.0178122427201899,0.7280638360524679,0.6073798456329721,0.9057086033652709,0.7446855981160619,0.74315455914598,0.546682992325485,0.7746843271584549,0.932886421446437,0.660672689356223,0.42449753054183403,0.21612838493932898,0.970697285187645,0.849717980513427,0.650644437307729,0.923906071014352,0.361951894829839,0.603443975716312,0.9424222607334369,0.96700624357318,0.271385155392318,0.836215124239112,0.34508513120925,0.7224554853397069,0.9159376366152191,0.692725737985646,0.421780831469096,0.8273629512700421,0.477539224640462,0.8662523857654392,0.0,0.5190026458885549,0.228755181644621,0.835534902730239,0.37561514951159003,0.7518172074885691,0.270730246610298,0.696305592127432,0.7363480840208291,0.8902861542998621,0.8225025144161509,0.751273176659683,0.867177623539754,0.930858938596427,0.9432510043357779,0.767601378438433,0.716719194384418,0.692624611942925,1.02010478147881,0.0,0.0,0.6199445898239621,0.711711833250143,0.5246050745297629,0.9709830385978341,0.5790522447033871,0.7844476615382071,0.740515291225359
AC079416.3,0.0,0.0,0.0,0.0,0.0,0.0,0.0,0.224529047251655,0.48443320428239,0.562913395533911,0.0,0.0,0.512866525706444,0.0,0.0,0.0,0.0,0.0,0.513546355686194,0.5877761618192421,0.0,0.0,0.0,0.0,0.598551480370927,0.532371570659964,0.37318275006294305,0.537404679091205,0.0,0.0,0.44575336657575204,0.47206386459642896,0.0,0.22376410416606798,0.578602400253851,0.0,0.0,0.0,0.0,0.0,0.458672189060255,0.280560365639039,0.0,0.0,0.0,0.0,0.0,0.0,0.19223636162993302,0.345139493654539,0.548334317516908,0.0,0.0,0.0,0.0,0.0,0.0,0.0,0.0,0.0,0.0,0.0,0.0,0.0,0.0,0.0,0.0,0.0,0.0,0.0,0.0,0.0,0.0,0.0,0.0,0.0,0.0,0.0,0.0,0.0,0.0,0.0,0.0,0.0,0.0,0.286036012881364,0.0,0.0,0.0,0.0,0.0,0.0,0.0,0.0,0.0,0.0,0.0,0.0,0.0,0.0,0.0,0.0,0.22604637831926602,0.0,0.0,0.0,0.0,0.0,0.0,0.0,0.0,0.0,0.0,0.0,0.0,0.0,0.0,0.0,0.0,0.0,0.0,0.0,0.0,0.0,0.0,0.0,0.0,0.0,0.0,0.0,0.0,0.0,0.0,0.0,0.0,0.0,0.0,0.0,0.0,0.0,0.0,0.0,0.0,0.0,0.0,0.0,0.0,0.0,0.29846059550013204,0.0,0.0,0.0,0.0,0.0,0.0,0.0,0.0,0.0,0.0,0.0,0.0,0.0,0.0,0.0,0.0,0.0,0.0,0.0,0.0,0.0,0.0,0.0,0.0,0.0,0.0,0.0,0.0,0.0,0.0,0.0,0.0,0.0,0.0,0.0,0.0,0.0,0.0,0.0,0.0,0.0,0.0,0.0,0.0,0.0,0.0,0.0,0.0,0.0,0.0,0.0,0.0,0.0,0.0,0.0,0.0,0.0,0.0,0.0,0.0,0.0,0.0,0.0,0.0,0.0,0.0,0.0,0.0,0.0,0.0,0.0,0.0,0.0,0.0,0.0,0.0,0.0,0.0,0.0,0.0,0.0,0.0,0.0,0.251821760826907,0.0,0.0,0.0,0.0,0.0,0.0,0.0,0.0,0.204746808140097,0.0,0.0,0.0,0.0,0.0,0.183391782944538,0.0,0.0,0.247658203225342,0.23724557048831799,0.0,0.0,0.0,0.0,0.0,0.0,0.0,0.0,0.0,0.0,0.0,0.0,0.0,0.0,0.24633545928190898,0.0,0.0,0.0,0.0,0.0,0.0,0.0,0.0,0.0,0.0,0.0,0.0,0.0,0.0,0.0,0.0,0.224961647680894,0.0,0.0,0.0,0.0,0.0,0.0,0.0,0.0,0.0,0.0,0.22199113593502,0.0,0.0,0.0,0.0,0.0,0.0,0.0,0.0,0.0,0.0,0.0,0.358697237414565,0.0,0.0,0.0,0.0,0.0,0.21466838543142003,0.0,0.0,0.0,0.0,0.0,0.226692675386004,0.0,0.0,0.0,0.0,0.0,0.0,0.0,0.0,0.0,0.0,0.0,0.0,0.0,0.0,0.0,0.0,0.0,0.0,0.0,0.0,0.0,0.0,0.0,0.0,0.0,0.0,0.0,0.227383930779398,0.0,0.0,0.31827674047743393,0.0,0.0,0.0,0.0,0.0,0.0,0.0,0.0,0.404253627861147,0.0,0.0,0.21612838493932898,0.33398030018774,0.0,0.0,0.0,0.0,0.0,0.0,0.0,0.0,0.0,0.0,0.0,0.0,0.0,0.421780831469096,0.0,0.0,0.0,0.0,0.0,0.0,0.0,0.0,0.0,0.0,0.0,0.0,0.30104914597669896,0.0,0.0,0.0,0.0,0.0,0.0,0.0,0.0,0.0,0.0,0.0,0.0,0.0,0.0,0.0,0.0,0.40250904215145,0.0
AC017037.1,0.0,0.0,0.0,0.0,0.270503796699367,0.275313284149896,0.0,0.0,0.0,0.12286086936971001,0.0,0.0,0.32965180151148105,0.298164097459159,0.0,0.0,0.0,0.0,0.0,0.566622308854987,0.0,0.0,0.0,0.0,0.0,0.5783335450090279,0.203899458903795,0.453245559747089,0.0,0.0,0.594883555075599,0.549420251155438,0.0,0.43919044062616996,0.644849383615786,0.0,0.0,0.0,0.0,0.0,0.0,0.0,0.0,0.0,0.0,0.0,0.0,0.2819751689278,0.0,0.0,0.241101368485612,0.0,0.0,0.0,0.0,0.0,0.0,0.0,0.0,0.0,0.0,0.0,0.0,0.0,0.0,0.0,0.0,0.0,0.0,0.0,0.0,0.0,0.0,0.0,0.0,0.0,0.0,0.0,0.0,0.0,0.0,0.0,0.0,0.0,0.0,0.0,0.0,0.0,0.0,0.0,0.0,0.0,0.0,0.0,0.0,0.0,0.0,0.0,0.0,0.0,0.0,0.0,0.0,0.0,0.0,0.0,0.0,0.0,0.0,0.0,0.0,0.0,0.0,0.0,0.0,0.0,0.0,0.0,0.0,0.0,0.0,0.0,0.22680190834792896,0.0,0.0,0.0,0.0,0.0,0.0,0.0,0.0,0.0,0.0,0.0,0.0,0.0,0.0,0.0,0.0,0.0,0.0,0.0,0.0,0.0,0.0,0.0,0.0,0.0,0.0,0.0,0.0,0.0,0.0,0.0,0.0,0.0,0.0,0.0,0.0,0.0,0.0,0.0,0.0,0.0,0.0,0.0,0.0,0.0,0.0,0.29579955536233804,0.0,0.0,0.0,0.0,0.0,0.0,0.0,0.0,0.0,0.0,0.0,0.0,0.0,0.0,0.0,0.0,0.0,0.0,0.0,0.307216550204448,0.0,0.0,0.0,0.0,0.461866688375255,0.0,0.0,0.0,0.0,0.0,0.0,0.0,0.0,0.0,0.0,0.0,0.0,0.0,0.0,0.0,0.368427310278473,0.0,0.0,0.0,0.0,0.0,0.0,0.0,0.0,0.0,0.0,0.20810048586530602,0.0,0.0,0.0,0.0,0.0,0.0,0.0,0.0,0.0,0.0,0.0,0.0,0.0,0.0,0.0,0.0,0.0,0.0,0.0,0.0,0.0,0.0,0.0,0.0,0.0,0.0,0.0,0.0,0.0,0.0,0.0,0.0,0.0,0.23218903872569102,0.0,0.0,0.0,0.0,0.0,0.0,0.33103403817206706,0.0,0.26149728867314803,0.0,0.0,0.0,0.0,0.0,0.0,0.0,0.0,0.0,0.0,0.0,0.0,0.0,0.0,0.0,0.0,0.0,0.0,0.0,0.0,0.0,0.0,0.0,0.0,0.0,0.0,0.0,0.0,0.0,0.0,0.0,0.0,0.0,0.21826449097800896,0.0,0.0,0.22658106254285898,0.0,0.0,0.0,0.0,0.0,0.0,0.0,0.0,0.0,0.0,0.0,0.0,0.0,0.0,0.0,0.0,0.0,0.0,0.0,0.0,0.0,0.0,0.0,0.0,0.0,0.0,0.0,0.0,0.224227676230492,0.0,0.0,0.0,0.0,0.0,0.0,0.0,0.0,0.0,0.0,0.0,0.0,0.0,0.0,0.0,0.0,0.0,0.0,0.0,0.0,0.0,0.0,0.0,0.0,0.0,0.0,0.0,0.0,0.0,0.23460641701802,0.0,0.0,0.0,0.0,0.0,0.0,0.0,0.0,0.0,0.0,0.0,0.0,0.0,0.0,0.0,0.0,0.0,0.0,0.0,0.0,0.0,0.0,0.0,0.0,0.0,0.0,0.21618315529420604,0.0,0.0,0.0,0.0,0.0,0.0,0.0,0.0,0.0,0.0,0.0,0.0,0.0,0.0,0.0,0.0,0.0,0.0,0.0,0.237744841845085
AC000111.1,0.20935483389903797,0.0,0.23180745342323397,0.0,0.48319692960998706,0.0,0.0,0.535483017475199,0.294224547390414,0.394571130714785,0.0,0.0,0.63552970971238,0.0,0.0,0.0,0.0,0.0,0.670328713327055,0.7301560717101891,0.0,0.0,0.0,0.0,0.0,0.532371570659964,0.46036580171678604,0.5355830153710139,0.0,0.0,0.525380176751206,0.49847463088778493,0.0,0.42694497934419,0.7593643377632541,0.0,0.32720053806321503,0.8584777705691721,0.0,0.0,0.531508250659926,0.49940642004243796,0.0,0.40465901826146505,0.25323083799957896,0.0,0.0,0.0,0.0,0.5301189426426121,0.7084902869208249,0.0,0.0,0.0,0.0,0.300181891844961,0.313825264242627,0.0,0.0,0.201301867062007,0.0,0.0,0.0,0.22697612900199,0.0,0.0,0.0,0.0,0.23876009497387599,0.0,0.0,0.0,0.0,0.0,0.0,0.0,0.0,0.0,0.0,0.0,0.0,0.0,0.280590325431141,0.0,0.0,0.0,0.0,0.0,0.0,0.0,0.0,0.0,0.0,0.0,0.0,0.0,0.0,0.0,0.0,0.0,0.250485174577594,0.0,0.0,0.0,0.0,0.0,0.0,0.0,0.0,0.0,0.0,0.0,0.0,0.0,0.0,0.0,0.0,0.0,0.0,0.0,0.0,0.0,0.0,0.0,0.0,0.0,0.0,0.0,0.0,0.0,0.0,0.0,0.0,0.0,0.0,0.0,0.0,0.0,0.0,0.0,0.34574130352655397,0.0,0.0,0.0,0.0,0.0,0.0,0.0,0.0,0.0,0.0,0.0,0.0,0.0,0.0,0.0,0.0,0.0,0.0,0.0,0.0,0.0,0.0,0.0,0.0,0.0,0.0,0.0,0.0,0.0,0.0,0.0,0.0,0.0,0.0,0.0,0.344466063315169,0.0,0.26735830877191397,0.0,0.0,0.0,0.0,0.0,0.0,0.0,0.0,0.0,0.0,0.0,0.296787373359057,0.0,0.0,0.0,0.0,0.0,0.0,0.0,0.0,0.0,0.0,0.0,0.3615521550537729,0.0,0.0,0.0,0.0,0.0,0.0,0.0,0.0,0.0,0.0,0.0,0.0,0.0,0.0,0.0,0.0,0.0,0.0,0.31237002946621,0.0,0.0,0.291565154030229,0.0,0.0,0.0,0.23061202101048303,0.0,0.0,0.0,0.0,0.0,0.0,0.0,0.0,0.0,0.0,0.0,0.209403182510572,0.204746808140097,0.310631144199927,0.0,0.0,0.0,0.0,0.0,0.0,0.0,0.0,0.0,0.0,0.0,0.0,0.0,0.0,0.0,0.0,0.427209533617128,0.0,0.395055131631701,0.0,0.0,0.0,0.0,0.24633545928190898,0.0,0.0,0.0,0.256741188302,0.21964661659168203,0.0,0.0,0.0,0.0,0.0,0.0,0.0,0.0,0.0,0.43602754178888103,0.0,0.224961647680894,0.305825569779841,0.0,0.461360406586551,0.0,0.0,0.0,0.0,0.0,0.0,0.0,0.0,0.0,0.0,0.0,0.21826449097800896,0.0,0.0,0.22658106254285898,0.233673081437949,0.0,0.242428728005463,0.0,0.0,0.0,0.0,0.0,0.0,0.24258609199981698,0.0,0.0,0.0,0.0,0.0,0.0,0.226692675386004,0.0,0.0,0.0,0.0,0.0,0.0,0.0,0.0,0.0,0.22639704908645603,0.228581452034619,0.33532133283864396,0.0,0.0,0.0,0.0,0.0,0.0,0.0,0.0,0.0,0.0,0.336544400617289,0.0,0.0,0.0,0.0,0.339794935524517,0.0,0.0,0.31827674047743393,0.34298765756206495,0.346666666168468,0.0,0.256302039214355,0.0,0.23460330333118104,0.0,0.0,0.33275202814084104,0.258746087321417,0.42449753054183403,0.0,0.0,0.0,0.0,0.0,0.0,0.0,0.0,0.26126879444106,0.0,0.0,0.0,0.0,0.0,0.0,0.0,0.21287595213151297,0.0,0.0,0.0,0.38145362242359204,0.228755181644621,0.0,0.0,0.0,0.0,0.0,0.0,0.0,0.0,0.0,0.0,0.245457393949823,0.0,0.0,0.0,0.0,0.24485817480536604,0.239036947818995,0.0,0.29892720870514,0.3733247480984121,0.0,0.254031925305368,0.0,0.40250904215145,0.237744841845085
FABP2,1.1773878160880802,1.04707139546473,0.898936152429184,1.01265614536074,0.907042053970878,0.0,0.8257939404712829,0.5884422028048311,0.44181890647060207,0.459301896964377,1.0929322463480502,1.11511034339885,0.589556312972543,1.19783861647561,1.07561428072951,1.29972543146053,1.21922987397315,0.32671856850413206,0.42831852525955394,0.514787843462549,1.1913256668126297,1.27933524718114,1.03513227752587,1.3367864175542,0.996310554489792,0.880447193631596,0.342722844975748,0.404553327386664,1.11789655460556,1.07563887241843,0.95229129327508,0.6824128116924979,0.63508375849868,0.7919607838998031,0.71296418496132,1.12341959292818,1.3284882687460602,0.9810322171686899,1.06817217948847,1.1051620571060001,0.639374722843857,0.9178944326212309,0.9981501740146701,0.736537604066384,1.2522498388298702,1.2170021815153,1.1764664344557099,1.0934706520225,1.18446881836521,1.08508734600846,0.763796850585984,0.0,1.64352087257682,0.8897341800397339,1.24187441730694,1.03318920741084,0.313825264242627,0.883693335367303,0.9465000055443549,0.94423926803496,1.32537306906128,1.0335430346246501,1.29411421521,0.835922349436952,1.3176492922282,1.57260054467647,1.12650419963691,0.900769151150351,1.13371325774552,0.7500723884922859,1.3555918468436399,0.9472629126309499,0.414272414655553,1.33326032377929,1.12574621470195,1.2129878451241498,1.3970132522563299,1.6271132772623798,1.3025287301444999,1.10965748126247,1.2462962471123502,1.26410577850453,0.988574136869107,1.02315745214301,1.2991220011137299,1.0071549620148499,1.25452295861322,0.9957826900457699,1.17560175253302,1.35397144874425,1.41740189888861,1.3092611081085301,1.23124744202716,1.06695397104347,1.24147987709119,1.45997890890476,1.55310140028068,1.47849412184032,0.7586743480038559,1.30273883399389,1.12711383899248,1.16656250751545,0.953274515341752,1.5977125558408,0.8807312944714629,1.50226334392387,1.0796198204185,0.937492470756367,1.36670018731399,0.829148942827743,1.1222874270516798,1.31799533435614,1.38240454451302,1.37485399499113,1.1888464087636101,1.2489272523034098,1.2331409865073,1.2204752484397299,1.1121873703315701,1.5981956940922202,1.05923020665886,1.38217478393687,1.2577474742316201,1.2841937066004199,1.1748098525747401,1.2516487293382401,1.2196590007486499,1.3321613078627699,1.4630825320369398,1.38720550738764,1.18323563568501,1.35412300057224,1.12662242881997,1.2796285376650098,1.55082737736534,1.20162699260018,1.66057208430123,1.15054150869821,1.3749579680103898,1.05372723192742,0.806078940008342,1.08525728565888,1.55770725295724,1.34677825564383,1.4794019634630702,1.2840905738518897,1.10796091584623,1.0439509873184398,0.9175262259926641,1.5149600402036003,1.5043626293938799,1.5013105136145402,0.786576232778617,1.46452640096506,1.39769307551792,0.7848950000456492,1.2384677524054999,1.31373371790479,0.8756632085054681,1.2838109655653798,1.3710617669732201,1.38142091265181,1.1480213086608302,1.53383227447283,0.946666892158862,0.669236334442071,1.4273631239444,1.3817771866709398,0.43951444924543,1.01200382341232,1.2999635830736498,1.2485616923343201,0.9502717897670041,0.299396422567551,1.32445203851025,1.48836378550506,0.90594394137238,1.10174422017224,1.17857080347871,0.907402830831651,1.17444589742723,1.24388592442976,1.14608733757857,1.1573238836610902,0.951338466192333,1.06304942024341,1.31552613533817,1.19912336684014,1.04825121919569,1.4230521415936899,0.9852846227238341,1.2925555407916203,0.6335877842014879,1.08048582235945,1.46366926499949,1.2104063978725,1.23991386828623,0.888072174760665,1.49560746285773,1.27167111759808,1.4672209469283102,1.5661913214896002,0.6987959270240639,1.26853231231729,1.21303416979774,1.26830515307728,0.5612708559544289,1.12839921765739,0.7603396403380279,1.18321839519072,1.53066888628328,1.1185183292415801,0.893282335466357,1.03800068942905,1.0675796180441302,1.74801883732887,1.8206575815283799,1.4009134871788702,0.9293034190937829,1.37723397386532,1.15543775694037,1.0682350251450898,1.17324086435284,1.09418194790762,0.8561514214256499,1.3748806211656102,1.3790631686708799,1.22809812066055,1.1519206420838501,1.0590203764864698,0.611015951192059,0.95626265624447,1.35306779504231,1.24267522339634,0.838332123634399,1.18564642436892,1.2973686370834498,1.0154278658188,1.03030296695521,1.32613989339654,1.10421691682671,1.02591876515422,1.17046924297947,1.31837816702964,0.682454443527828,1.5742913582119098,0.65945439354373,0.916879113323684,1.04305344734887,1.2535869777962099,0.679137714951217,1.18851520536728,1.18295530005045,1.52259615512353,1.24421196504294,1.2321590168871102,1.12536346437736,0.923761929868979,1.1484160023171202,1.1294806355053202,1.0596916085853398,1.28341041292938,1.41449149979791,1.70713949236023,1.034248977692,1.06625012058139,0.6761629684631729,1.2392520932256599,0.0,0.722488450379328,1.1680688005486999,1.17030416698289,1.3165060470766698,1.11798260325585,1.4258028919083898,0.698155185223049,1.2245491834309,0.5819406865075539,1.3339103461356998,1.5720174469351202,1.14416738124377,1.08497513531616,0.980968428530445,1.19564143339543,1.36117852337666,1.27634243467061,1.14949881279757,1.2740687754724098,1.38668918663648,1.4527985034756499,0.6671463977618101,1.4123046219550401,1.45254764101338,0.9703042764972121,1.1454986952610902,0.9871523526841891,1.32578740148003,1.1617523276855,0.877013087992827,1.30596062163036,0.996943735341635,1.01056880565458,1.0948068519293501,1.40870704873373,0.762663439536667,1.1530601019013798,1.1783881125275701,1.65904082787052,1.2306284497291202,0.9463233344705909,1.1138122737728702,0.97116075388449,1.07236707106514,1.25141287521683,1.03483900884521,1.20657756106122,0.7090672491327049,0.60095620356101,0.95523628665087,1.4389160057130101,0.820287521758251,1.11777930881643,1.06969989227056,1.15037879241045,1.24001824393609,0.74734338444868,1.4421279026498899,0.672955950000803,0.919024258114147,0.804064540645272,1.09542485574111,0.83354110324947,0.6206221567220871,0.8075254136410458,0.8295792795476059,1.14845591296036,0.86496104571775,0.756408944092893,1.2697269692522,1.1680180916198302,0.693823747875545,1.24822788203218,1.07672841248388,0.793381766102662,0.787031580938018,1.32516176000101,1.16756975130072,1.23820759541067,0.946697322852902,1.07355589974149,1.32352373881022,1.04411133248613,0.0,0.6782760833109259,1.47030287725657,1.1241844604773799,1.07098238919962,1.30946921088773,0.868613339730292,0.660672689356223,1.03319267108346,1.02736375145603,1.0440380427031601,1.08946714636931,1.43991654672569,1.31623792914547,1.10835457879248,1.1602296793692801,1.2089798485907601,1.13246339628512,1.32667129952984,0.8751962173300071,0.7531859891285259,1.29759195397746,1.1187772715950801,0.692725737985646,1.4015193449449799,0.942233301659576,1.05945676452037,1.16967216317871,1.6414816651228503,1.30518079538072,0.543246182320421,0.947764809610543,1.0141468185232398,0.0,1.15353775914593,0.6641553450313,0.30951579580058897,1.55941886402309,0.707789174289625,1.2559759043611298,1.30206217378236,1.08511881464567,1.42066861507943,1.22591461940476,1.14644136908238,1.03283869883761,1.06323305072182,1.2319594469276298,1.1565973301914199,1.18264581513628,0.49179118858564796,1.33021827850747,0.254031925305368,1.1435413527245901,0.45447226171530997,1.2351642652218
RPL21P134,0.696392379955458,0.652023858759228,0.7458279947649621,0.384211130274011,0.6270252322107861,0.275313284149896,0.0,0.313921499451581,0.269366394941882,0.394571130714785,0.313164809132756,0.0,0.316718639322492,0.0,0.0,0.49787288185349504,0.0,0.32671856850413206,0.252612375841398,0.251907319678298,0.295763875464008,0.87045301316881,0.0,0.0,0.134796155207841,0.39968329727914503,0.560379292219292,0.36278898088343503,0.650070343890643,0.270879309002944,0.473833594469086,0.276301247360486,0.8027148020696491,0.559689786656685,0.43986376274022704,0.860857630380483,0.826738224903255,0.0,0.855032268999936,0.66767323657965,0.23636338851741698,0.932153191710775,0.687704225720658,0.7552746549207321,0.64893972229933,0.6959855745960329,1.00887847731353,0.643284973129969,0.565232949675301,0.606239324338847,0.324047301101755,0.8514229613536372,0.7386665127054121,0.65580723606537,0.358155300338826,0.7935182083861729,0.8921117293359642,0.8447294721856129,0.0,0.7042941509763231,0.0,0.0,0.40777471113095,0.8110525656324521,0.28033921493782504,0.0,0.30123996633919203,0.258511900615873,0.7633983416257609,0.0,0.329246396811896,0.513664982275979,0.28053424575725,0.29378401450263397,0.513793960210247,0.0,0.0,0.0,0.0,0.893166820119992,0.0,0.0,0.0,0.0,0.0,0.0,0.0,0.6507562298542371,0.0,0.37460338857490993,0.0,0.0,0.0,0.320594574578664,0.0,0.304235060322164,0.0,0.0,0.0,0.291248898911339,0.587291815803992,0.7430299303067671,0.6885966068293751,0.7710636687137671,0.0,0.0,0.0,0.0,0.0,0.849484498339258,0.0,0.0,0.0,0.0,0.0,1.0531572292909002,0.0,0.24636555185158898,0.518992766542816,0.0,0.626993976795871,0.0,0.9844757665410921,0.629096146796359,0.0,0.0,0.0,0.320135163610113,0.0,0.0,0.0,0.0,0.29033736149897,0.34740254995401004,0.0,0.0,0.0,0.29318206136147806,0.324784699179342,0.415123314211706,0.0,0.325916993039303,0.0,0.333396511202609,0.0,0.256503950997043,0.0,0.0,0.681251056190452,0.0,0.0,0.321723308740839,0.0,0.38104370143537397,0.0,0.0,0.0,0.0,0.0,0.32459018028165504,0.0,0.0,0.0,0.39668726962314294,0.346582414203117,0.0,0.363802101300798,0.5958275355172479,0.0,0.0,0.0,0.30600307845326896,0.0,0.0,0.0,0.0,0.344466063315169,0.0,0.0,0.0,0.0,0.0,0.502514562977609,0.0,0.29431732222100204,0.0,0.0,0.0,0.0,0.0,0.525354573971325,0.0,0.0,0.506172158964503,0.31508591344849896,0.0,0.311113580446773,0.0,0.0,0.0,0.0,0.0,0.0,0.0,0.0,0.0,0.280850678752002,0.6036013933599561,0.0,0.0,0.0,0.0,0.0,0.0,0.0,0.0,0.0,0.0,0.31844407604239394,0.940554668615578,0.0,0.829428239162598,0.0,0.0,0.0,1.00412659725526,0.381721963250756,0.0,0.621441848862271,0.7660234781258671,0.7468102187418829,0.643447443745141,0.750851546062646,0.7995483465312819,0.882998643468878,0.617079990889134,0.46139434808826096,0.0,0.71606669680122,0.5734762466687929,0.842147232177759,0.7726265644858169,0.497885741224423,0.639819230911204,0.0,0.0,0.287134791987135,0.6334541977387329,0.308406735289039,0.0,0.740947445830397,1.05042816828424,0.0,0.8201178931580191,0.718162075505141,0.715609311043662,0.739628772192607,0.9641812754834721,0.0,0.7004257682610621,0.7293470485862221,0.810659235370747,0.33103403817206706,0.765330129219496,0.387778391532061,0.7485464544719592,0.750148614535399,0.7222166738196399,0.5811756641103759,0.6041664934386729,0.835220590765222,0.7611330749858101,0.677306176366256,0.0,0.702876137912284,0.698155185223049,0.971331616085223,0.777619201904895,1.0376072139430401,0.332372945936615,0.0,0.0,0.3420578282331961,0.644164527763417,0.0,0.604225415492415,0.564001497857587,0.6991621000958059,0.6897731083397121,0.726440929902625,0.76407113572447,1.01222309095213,0.736367540900735,0.8647622511637489,0.7296043619461429,0.8260496115822809,0.622225525972936,0.7676574926346781,0.750635522246047,0.6121083157770141,0.611006744986366,0.689911456709424,0.7505610641148259,0.662424360705016,0.7284264881845159,0.6374306165155699,0.7244257236914259,0.8856166198215709,0.43182414219430104,0.65795367383043,0.716339401497638,0.8148160178324251,0.634497040114915,0.530315605191615,0.791234872491076,0.820382646573361,0.9965357125459079,0.6999837816162421,0.732781696430135,0.7360243339465908,0.754038456252621,0.814772266983383,0.8053460612262779,0.722692765080726,0.680336130373059,0.9372812410601759,0.530514433186439,0.672955950000803,0.7575403995066708,0.804064540645272,0.5619374752869439,0.6712734633924301,0.76058768756642,0.5339942294052129,0.89566866808486,0.735998363571311,0.517352047781619,0.6937078222189631,0.708535780142776,0.769642533777096,0.894677098723311,0.83511250201236,0.704692883882665,0.688400061399275,0.64321807879163,0.6809847174428021,0.465503189168188,0.650566800057938,0.7498493636533009,0.628582492812897,0.847838121985473,0.58153360739923,0.6645922883590629,0.785782622607869,0.710383589195223,0.23460330333118104,0.703902229406124,0.8786025790776859,0.721795133731827,0.738482748882077,1.06048667520414,0.751597567174798,0.6934941405948482,0.697449840035792,0.67024874078476,0.715592760016973,0.836550123433258,0.6386905132776151,0.6623393898970029,0.608792642246582,0.6287567624076059,0.7577497252255291,0.34508513120925,0.51190104779759,0.683547161964487,0.726952075757692,0.717522013326492,0.667277765771321,0.845779884516626,0.8343110183921779,0.734030107679016,0.679738736041022,0.8802880956499242,0.689561169432597,0.648031321441381,0.6002915291226429,0.6859198816638922,0.714424050196639,0.765439075713157,0.8775927295390791,0.601059052121103,0.6324751627177541,0.880902391080684,0.78014938563943,0.5066160383210779,0.593513227616041,0.6658638756768921,0.55191768131734,0.630986840237443,0.692753572370421,0.782240042469593,0.6505768334379369,0.7244549606646429,0.385844452747567,0.693403380591524,0.633322211121894,0.841006885627664,0.874694192483618
RNU6ATAC2P,0.0,0.0,0.0,0.0,0.0,0.0,0.0,0.0,0.0,0.0,0.0,0.0,0.0,0.0,0.0,0.0,0.0,0.0,0.19671556738343499,0.2045945723226,0.0,0.0,0.0,0.0,0.0,0.7801758041890959,0.12425433192259598,0.11510462710505699,0.0,0.0,0.0,0.0,0.20946439083534601,0.22376410416606798,0.6788702456702439,0.0,0.0,0.0,0.0,0.262053133279052,0.0,0.0,0.0,0.0,0.0,0.0,0.0,0.0,0.0,0.0,0.127799386498126,0.0,0.0,0.0,0.0,0.0,0.0,0.0,0.0,0.0,0.0,0.0,0.0,0.0,0.0,0.0,0.0,0.0,0.0,0.0,0.0,0.0,0.0,0.29378401450263397,0.0,0.0,0.0,0.0,0.0,0.0,0.36713380888633207,0.0,0.0,0.0,0.0,0.0,0.0,0.0,0.0,0.0,0.0,0.0,0.0,0.0,0.0,0.0,0.0,0.0,0.0,0.0,0.0,0.0,0.0,0.0,0.0,0.0,0.0,0.0,0.0,0.0,0.0,0.0,0.0,0.0,0.0,0.0,0.0,0.0,0.0,0.0,0.0,0.0,0.0,0.0,0.0,0.0,0.0,0.0,0.0,0.0,0.0,0.0,0.0,0.0,0.0,0.0,0.0,0.0,0.0,0.0,0.0,0.0,0.0,0.0,0.0,0.0,0.0,0.0,0.0,0.0,0.0,0.0,0.0,0.0,0.0,0.0,0.0,0.0,0.0,0.0,0.0,0.0,0.0,0.0,0.0,0.0,0.0,0.0,0.0,0.0,0.0,0.0,0.0,0.0,0.0,0.0,0.0,0.0,0.26735830877191397,0.0,0.0,0.0,0.0,0.0,0.0,0.0,0.0,0.0,0.0,0.0,0.0,0.0,0.0,0.0,0.0,0.0,0.0,0.0,0.0,0.0,0.0,0.0,0.0,0.0,0.0,0.0,0.0,0.0,0.0,0.0,0.0,0.0,0.0,0.0,0.0,0.0,0.0,0.0,0.0,0.0,0.0,0.0,0.0,0.0,0.0,0.0,0.0,0.0,0.0,0.0,0.0,0.0,0.0,0.0,0.0,0.0,0.0,0.0,0.0,0.0,0.0,0.0,0.0,0.0,0.0,0.0,0.0,0.0,0.0,0.0,0.0,0.0,0.0,0.0,0.0,0.0,0.0,0.0,0.0,0.0,0.0,0.0,0.0,0.0,0.0,0.0,0.0,0.0,0.0,0.0,0.0,0.0,0.0,0.0,0.0,0.0,0.0,0.0,0.0,0.0,0.0,0.0,0.0,0.0,0.0,0.0,0.0,0.0,0.0,0.0,0.0,0.0,0.0,0.0,0.0,0.0,0.0,0.0,0.0,0.0,0.0,0.0,0.0,0.0,0.0,0.0,0.0,0.0,0.0,0.0,0.0,0.0,0.0,0.0,0.0,0.0,0.0,0.0,0.0,0.0,0.0,0.0,0.0,0.0,0.0,0.0,0.0,0.0,0.0,0.0,0.0,0.0,0.0,0.0,0.0,0.0,0.0,0.0,0.0,0.0,0.0,0.0,0.0,0.0,0.0,0.0,0.0,0.0,0.0,0.0,0.0,0.0,0.0,0.0,0.0,0.0,0.0,0.0,0.0,0.0,0.0,0.0,0.0,0.0,0.0,0.0,0.0,0.0,0.0,0.0,0.0,0.0,0.0,0.0,0.0,0.0,0.0,0.0,0.0,0.0,0.0,0.0,0.0,0.0,0.0,0.0,0.0,0.0,0.0,0.0,0.0,0.0,0.0,0.0,0.0,0.0,0.0,0.0,0.0,0.0,0.0,0.19870589839875002,0.0,0.0,0.0,0.192239174251452,0.22137096054560698,0.237744841845085
RNU4-26P,0.0,0.0,0.0,0.0,0.270503796699367,0.0,0.0,0.368718566452431,0.294224547390414,0.46458403003478793,0.0,0.0,0.488436506124184,0.0,0.0,0.0,0.0,0.0,0.252612375841398,0.572327181481069,0.0,0.0,0.0,0.0,0.0,0.0,0.26158466074103304,0.11510462710505699,0.0,0.0,0.31253620581766495,0.276301247360486,0.0,0.41362242859050197,0.56507841916435,0.0,0.0,0.0,0.0,0.0,0.458672189060255,0.0,0.0,0.0,0.0,0.0,0.0,0.0,0.0,0.28265725986066303,0.508180736186871,0.0,0.0,0.0,0.24038111982466898,0.0,0.0,0.0,0.0,0.0,0.0,0.0,0.0,0.0,0.0,0.0,0.0,0.0,0.0,0.0,0.0,0.0,0.0,0.0,0.0,0.0,0.0,0.0,0.0,0.0,0.0,0.0,0.0,0.0,0.0,0.0,0.0,0.0,0.0,0.0,0.0,0.0,0.0,0.0,0.0,0.0,0.0,0.0,0.0,0.0,0.0,0.0,0.0,0.0,0.0,0.0,0.0,0.0,0.0,0.0,0.0,0.0,0.0,0.0,0.0,0.0,0.0,0.0,0.0,0.0,0.0,0.0,0.0,0.0,0.0,0.0,0.0,0.0,0.0,0.0,0.0,0.0,0.0,0.0,0.0,0.0,0.0,0.0,0.0,0.0,0.0,0.0,0.0,0.0,0.0,0.0,0.0,0.0,0.0,0.0,0.0,0.0,0.0,0.0,0.0,0.0,0.0,0.0,0.0,0.0,0.0,0.0,0.0,0.0,0.0,0.0,0.0,0.0,0.0,0.0,0.0,0.0,0.0,0.0,0.0,0.0,0.0,0.0,0.0,0.0,0.0,0.0,0.0,0.0,0.0,0.0,0.0,0.0,0.0,0.0,0.0,0.0,0.0,0.0,0.0,0.0,0.0,0.0,0.0,0.28344524520058,0.0,0.0,0.0,0.0,0.0,0.0,0.0,0.0,0.0,0.0,0.0,0.0,0.0,0.6045036717361351,0.0,0.0,0.0,0.0,0.0,0.0,0.0,0.20810048586530602,0.0,0.0,0.0,0.0,0.0,0.0,0.0,0.0,0.0,0.0,0.0,0.0,0.0,0.0,0.0,0.0,0.0,0.0,0.0,0.0,0.0,0.0,0.0,0.0,0.0,0.0,0.0,0.0,0.0,0.0,0.0,0.0,0.0,0.0,0.0,0.0,0.0,0.0,0.0,0.0,0.0,0.0,0.0,0.0,0.0,0.0,0.0,0.0,0.0,0.0,0.0,0.0,0.0,0.0,0.0,0.0,0.0,0.0,0.0,0.0,0.0,0.0,0.0,0.0,0.0,0.0,0.0,0.0,0.0,0.0,0.0,0.0,0.0,0.0,0.0,0.0,0.0,0.0,0.0,0.0,0.0,0.0,0.0,0.0,0.0,0.0,0.0,0.0,0.0,0.0,0.0,0.209576895017383,0.0,0.0,0.0,0.0,0.0,0.0,0.0,0.0,0.0,0.0,0.0,0.0,0.0,0.0,0.0,0.0,0.0,0.0,0.0,0.0,0.0,0.0,0.0,0.0,0.0,0.0,0.0,0.0,0.0,0.0,0.0,0.0,0.0,0.30412096567617897,0.0,0.0,0.0,0.0,0.0,0.0,0.0,0.0,0.0,0.0,0.0,0.0,0.0,0.0,0.0,0.0,0.0,0.0,0.0,0.0,0.0,0.0,0.0,0.0,0.0,0.0,0.0,0.0,0.0,0.0,0.0,0.0,0.0,0.0,0.0,0.0,0.0,0.0,0.0,0.0,0.0,0.0,0.0,0.0,0.0,0.0,0.0,0.0,0.0,0.0,0.0,0.0,0.0,0.0,0.0,0.0,0.0,0.0,0.0,0.0
RN7SL783P,0.0,0.0,0.0,0.0,0.0,0.0,0.0,0.224529047251655,0.6298484155784859,0.26508280119614297,0.0,0.0,0.265325659284648,0.0,0.0,0.0,0.0,0.0,0.119709637399135,0.0,0.0,0.0,0.0,0.0,0.220490806364678,0.0,0.342722844975748,0.11510462710505699,0.0,0.0,0.23742737853776802,0.107383483713489,0.0,0.9680671940849559,0.0,0.0,0.0,0.0,0.0,0.0,0.0,0.0,0.23689209174187803,0.27361025602793304,0.0,0.0,0.0,0.0,0.0,0.0,0.0,0.0,0.0,0.0,0.0,0.0,0.0,0.0,0.306721250456413,0.0,0.0,0.0,0.0,0.0,0.0,0.0,0.0,0.0,0.0,0.0,0.0,0.0,0.0,0.0,0.0,0.0,0.0,0.0,0.0,0.0,0.0,0.0,0.0,0.0,0.0,0.0,0.0,0.0,0.0,0.0,0.0,0.0,0.0,0.0,0.0,0.0,0.0,0.0,0.0,0.0,0.0,0.0,0.0,0.0,0.0,0.0,0.0,0.0,0.0,0.0,0.0,0.0,0.0,0.0,0.0,0.0,0.0,0.0,0.0,0.0,0.0,0.0,0.0,0.0,0.0,0.0,0.0,0.0,0.0,0.0,0.0,0.0,0.0,0.0,0.0,0.0,0.0,0.0,0.0,0.0,0.0,0.0,0.0,0.0,0.0,0.0,0.0,0.0,0.0,0.0,0.0,0.0,0.0,0.0,0.0,0.0,0.0,0.0,0.0,0.0,0.0,0.0,0.0,0.0,0.0,0.0,0.0,0.0,0.0,0.0,0.0,0.0,0.0,0.0,0.0,0.0,0.0,0.0,0.0,0.0,0.0,0.0,0.0,0.0,0.0,0.0,0.0,0.0,0.0,0.0,0.0,0.0,0.0,0.0,0.0,0.0,0.0,0.0,0.0,0.0,0.0,0.0,0.0,0.0,0.0,0.0,0.0,0.0,0.0,0.0,0.0,0.0,0.0,0.0,0.0,0.0,0.0,0.0,0.0,0.0,0.0,0.0,0.0,0.0,0.0,0.0,0.0,0.0,0.0,0.0,0.0,0.0,0.0,0.0,0.0,0.0,0.0,0.0,0.0,0.0,0.0,0.0,0.0,0.0,0.0,0.0,0.0,0.0,0.0,0.0,0.0,0.0,0.0,0.0,0.0,0.0,0.0,0.0,0.0,0.0,0.0,0.0,0.0,0.0,0.0,0.0,0.0,0.0,0.0,0.0,0.0,0.0,0.0,0.0,0.0,0.0,0.264287537762441,0.0,0.0,0.0,0.0,0.0,0.0,0.0,0.305825569779841,0.0,0.0,0.0,0.0,0.0,0.0,0.0,0.0,0.0,0.0,0.0,0.0,0.0,0.21826449097800896,0.0,0.0,0.0,0.0,0.0,0.0,0.0,0.0,0.0,0.0,0.0,0.0,0.0,0.0,0.0,0.0,0.0,0.0,0.0,0.0,0.0,0.0,0.0,0.0,0.0,0.0,0.250344240516823,0.0,0.0,0.0,0.0,0.0,0.0,0.0,0.265392094739552,0.0,0.0,0.0,0.0,0.0,0.0,0.0,0.0,0.0,0.0,0.0,0.0,0.0,0.0,0.0,0.0,0.0,0.0,0.0,0.0,0.0,0.0,0.0,0.0,0.0,0.0,0.0,0.0,0.0,0.0,0.0,0.0,0.0,0.0,0.0,0.0,0.0,0.0,0.0,0.0,0.0,0.0,0.0,0.0,0.0,0.0,0.0,0.0,0.0,0.0,0.0,0.0,0.0,0.0,0.0,0.0,0.0,0.0,0.0,0.0,0.0,0.0,0.0,0.0,0.0,0.0,0.0,0.0,0.0,0.0,0.0,0.0,0.0,0.237744841845085
RN7SL266P,0.0,0.0,0.0,0.0,0.0,0.0,0.0,0.368718566452431,0.592595020528177,0.0,0.0,0.0,0.341208898100895,0.0,0.0,0.0,0.0,0.0,0.119709637399135,0.13386493728795,0.0,0.0,0.0,0.0,0.134796155207841,0.0,0.26158466074103304,0.0,0.0,0.0,0.156215739089341,0.0,0.0,0.7956547544018571,0.0,0.0,0.0,0.0,0.0,0.0,0.0,0.0,0.0,0.0,0.0,0.0,0.0,0.0,0.0,0.0,0.127799386498126,0.0,0.0,0.0,0.0,0.0,0.0,0.0,0.0,0.0,0.0,0.0,0.0,0.0,0.0,0.0,0.0,0.0,0.0,0.0,0.0,0.0,0.0,0.0,0.0,0.0,0.0,0.0,0.0,0.0,0.0,0.0,0.0,0.0,0.0,0.0,0.0,0.0,0.0,0.0,0.0,0.0,0.0,0.0,0.0,0.0,0.0,0.0,0.0,0.0,0.0,0.0,0.0,0.0,0.0,0.0,0.0,0.0,0.0,0.0,0.0,0.0,0.0,0.0,0.0,0.0,0.0,0.24636555185158898,0.0,0.0,0.0,0.0,0.0,0.0,0.0,0.0,0.0,0.0,0.0,0.0,0.0,0.0,0.0,0.0,0.0,0.0,0.0,0.0,0.0,0.0,0.0,0.0,0.0,0.0,0.0,0.0,0.0,0.0,0.0,0.0,0.0,0.0,0.0,0.0,0.0,0.0,0.0,0.0,0.0,0.0,0.0,0.0,0.0,0.0,0.0,0.0,0.0,0.0,0.0,0.0,0.0,0.0,0.0,0.0,0.0,0.0,0.0,0.0,0.0,0.0,0.0,0.0,0.0,0.0,0.0,0.0,0.0,0.0,0.0,0.0,0.0,0.0,0.0,0.0,0.0,0.0,0.0,0.0,0.0,0.0,0.0,0.0,0.0,0.0,0.0,0.0,0.0,0.0,0.0,0.0,0.0,0.0,0.0,0.0,0.0,0.0,0.0,0.0,0.0,0.0,0.0,0.0,0.0,0.0,0.0,0.0,0.0,0.0,0.0,0.0,0.0,0.0,0.0,0.0,0.0,0.0,0.0,0.0,0.0,0.0,0.0,0.0,0.0,0.0,0.0,0.0,0.0,0.0,0.0,0.0,0.0,0.0,0.0,0.0,0.0,0.0,0.0,0.0,0.0,0.0,0.0,0.0,0.0,0.0,0.0,0.0,0.0,0.0,0.0,0.0,0.0,0.0,0.0,0.0,0.0,0.0,0.0,0.0,0.0,0.332372945936615,0.0,0.0,0.0,0.0,0.0,0.0,0.0,0.0,0.0,0.0,0.0,0.0,0.0,0.0,0.0,0.0,0.0,0.0,0.0,0.0,0.0,0.0,0.0,0.0,0.0,0.0,0.0,0.0,0.0,0.0,0.0,0.0,0.0,0.209576895017383,0.0,0.241984437860154,0.0,0.0,0.0,0.0,0.0,0.0,0.0,0.0,0.0,0.0,0.0,0.0,0.0,0.0,0.0,0.0,0.0,0.0,0.0,0.0,0.0,0.0,0.0,0.0,0.0,0.0,0.0,0.0,0.0,0.0,0.0,0.0,0.0,0.0,0.0,0.0,0.0,0.0,0.0,0.0,0.0,0.0,0.0,0.0,0.0,0.0,0.0,0.0,0.0,0.0,0.0,0.0,0.0,0.0,0.0,0.0,0.0,0.0,0.0,0.0,0.0,0.0,0.0,0.0,0.0,0.0,0.0,0.0,0.0,0.0,0.270730246610298,0.0,0.0,0.0,0.0,0.0,0.0,0.0,0.0,0.0,0.0,0.0,0.0,0.0,0.0,0.0,0.0,0.0,0.0,0.192239174251452,0.0,0.0
RN7SKP37,0.0,0.0,0.23180745342323397,0.0,0.0,0.0,0.0,0.522616270157569,0.43320495225196004,0.548182621866552,0.0,0.0,0.361148766893476,0.0,0.0,0.0,0.0,0.0,0.331398563151896,0.509932344123556,0.0,0.0,0.0,0.0,0.452852939071447,0.43632665324206704,0.42210048732127703,0.389745395331967,0.0,0.0,0.31253620581766495,0.330860141234829,0.0,0.41362242859050197,0.613521462054281,0.0,0.0,0.756897955012541,0.0,0.0,0.361068782413631,0.0,0.0,0.0,0.0,0.0,0.0,0.0,0.0,0.240936882716,0.42697016097998797,0.0,0.0,0.0,0.0,0.0,0.0,0.0,0.0,0.0,0.0,0.0,0.0,0.0,0.0,0.0,0.0,0.0,0.0,0.0,0.0,0.0,0.0,0.0,0.0,0.0,0.0,0.0,0.0,0.0,0.0,0.297800482822603,0.0,0.0,0.0,0.0,0.0,0.0,0.0,0.0,0.0,0.0,0.0,0.0,0.0,0.304235060322164,0.0,0.0,0.0,0.0,0.0,0.0,0.0,0.0,0.0,0.0,0.0,0.0,0.0,0.0,0.0,0.0,0.0,0.0,0.0,0.0,0.0,0.0,0.0,0.0,0.0,0.0,0.0,0.0,0.0,0.0,0.0,0.0,0.0,0.0,0.0,0.0,0.0,0.0,0.0,0.0,0.0,0.0,0.0,0.0,0.0,0.0,0.0,0.0,0.0,0.0,0.0,0.0,0.0,0.0,0.0,0.0,0.335487325416568,0.0,0.0,0.0,0.0,0.0,0.0,0.0,0.0,0.0,0.0,0.0,0.0,0.0,0.0,0.0,0.0,0.0,0.0,0.0,0.0,0.0,0.0,0.0,0.0,0.0,0.0,0.0,0.0,0.0,0.0,0.0,0.0,0.0,0.0,0.0,0.0,0.0,0.0,0.0,0.0,0.0,0.0,0.0,0.0,0.0,0.0,0.0,0.0,0.0,0.0,0.0,0.0,0.0,0.0,0.0,0.0,0.0,0.0,0.0,0.0,0.0,0.0,0.0,0.0,0.0,0.0,0.0,0.0,0.0,0.0,0.0,0.0,0.0,0.0,0.0,0.0,0.0,0.0,0.0,0.0,0.0,0.0,0.0,0.0,0.0,0.0,0.0,0.0,0.0,0.0,0.0,0.0,0.0,0.0,0.0,0.0,0.0,0.0,0.0,0.0,0.0,0.0,0.0,0.0,0.0,0.0,0.0,0.0,0.0,0.0,0.0,0.0,0.0,0.0,0.0,0.0,0.0,0.0,0.0,0.0,0.285561186337839,0.0,0.0,0.0,0.0,0.0,0.0,0.0,0.0,0.0,0.0,0.305825569779841,0.0,0.0,0.0,0.0,0.0,0.0,0.0,0.0,0.0,0.0,0.0,0.0,0.0,0.0,0.0,0.0,0.0,0.0,0.0,0.0,0.0,0.0,0.0,0.0,0.0,0.0,0.0,0.0,0.0,0.0,0.0,0.0,0.0,0.0,0.0,0.0,0.0,0.0,0.0,0.0,0.0,0.0,0.0,0.0,0.0,0.0,0.0,0.0,0.0,0.0,0.0,0.0,0.0,0.0,0.0,0.0,0.0,0.0,0.0,0.0,0.0,0.0,0.0,0.0,0.0,0.0,0.0,0.0,0.0,0.0,0.0,0.0,0.0,0.22241683930234102,0.0,0.0,0.0,0.0,0.0,0.0,0.0,0.0,0.0,0.0,0.0,0.0,0.0,0.0,0.0,0.0,0.0,0.0,0.0,0.0,0.0,0.0,0.0,0.0,0.0,0.0,0.0,0.0,0.0,0.0,0.0,0.0,0.0,0.0,0.0,0.0,0.0,0.0,0.0,0.0,0.0,0.0,0.0,0.0,0.0,0.0,0.0,0.0,0.0
